,loan_id,account_id,loan_date,amount,duration,payments,status,client_id,birth_number,gender,client_district_id,disp_id,type,account_district_id,frequency,account_date
0,5314,1787,1993-07-05,96396,12,8033,unsuccessful,2166,1947-07-22,F,30,2166,OWNER,30,weekly issuance,1993-03-22
1,5316,1801,1993-07-11,165960,36,4610,successful,2181,1968-07-22,M,46,2181,OWNER,46,monthly issuance,1993-02-13
2,6863,9188,1993-07-28,127080,60,2118,successful,11314,1936-06-02,M,45,11006,OWNER,45,monthly issuance,1993-02-08
3,5325,1843,1993-08-03,105804,36,2939,successful,2235,1940-04-20,F,14,2235,OWNER,12,monthly issuance,1993-01-30
4,7240,11013,1993-09-06,274740,60,4579,successful,13539,1978-09-07,M,63,13231,OWNER,1,weekly issuance,1993-02-14
5,6687,8261,1993-09-13,87840,24,3660,successful,10200,1980-02-16,F,13,9892,OWNER,13,monthly issuance,1993-05-12
6,6687,8261,1993-09-13,87840,24,3660,successful,10201,1985-10-19,M,13,9893,DISPONENT,13,monthly issuance,1993-05-12
7,7284,11265,1993-09-15,52788,12,4399,successful,13845,1973-02-16,M,15,13537,OWNER,15,monthly issuance,1993-01-14
8,6111,5428,1993-09-24,174744,24,7281,unsuccessful,6551,1948-08-12,F,24,6551,OWNER,24,monthly issuance,1993-04-14
9,7235,10973,1993-10-13,154416,48,3217,successful,13490,1969-05-25,F,18,13182,OWNER,18,weekly issuance,1993-04-20
10,5997,4894,1993-11-04,117024,24,4876,successful,5911,1935-10-03,M,14,5911,OWNER,14,monthly issuance,1993-06-20
11,7121,10364,1993-11-10,21924,36,609,successful,12754,1960-08-20,M,55,12446,OWNER,55,monthly issuance,1993-01-17
12,7121,10364,1993-11-10,21924,36,609,successful,12755,1959-11-01,F,55,12447,DISPONENT,55,monthly issuance,1993-01-17
13,6077,5270,1993-11-22,79608,24,3317,successful,6367,1970-04-28,M,44,6367,OWNER,44,monthly issuance,1993-01-13
14,6228,6034,1993-12-01,464520,60,7742,unsuccessful,7291,1940-12-02,F,77,7291,OWNER,6,weekly issuance,1993-03-19
15,6356,6701,1993-12-08,95400,36,2650,successful,8091,1971-02-10,M,5,8091,OWNER,49,weekly issuance,1993-03-15
16,5523,2705,1993-12-08,93888,36,2608,successful,3264,1950-10-20,F,63,3264,OWNER,63,issuance after transaction,1993-07-05
17,6456,7123,1993-12-09,47016,12,3918,successful,8598,1957-12-31,F,46,8598,OWNER,64,issuance after transaction,1993-04-14
18,7104,10320,1993-12-13,259740,60,4329,successful,12695,1979-03-16,M,68,12387,OWNER,68,monthly issuance,1993-07-11
19,6820,9034,1993-12-16,38148,12,3179,successful,11126,1965-01-22,F,1,10818,OWNER,1,monthly issuance,1993-06-28
20,6876,9236,1993-12-21,86616,12,7218,successful,11372,1961-09-28,M,11,11064,OWNER,11,monthly issuance,1993-08-18
21,7097,10266,1993-12-23,75624,24,3151,unsuccessful,12625,1958-12-07,M,54,12317,OWNER,54,monthly issuance,1993-06-10
22,4959,2,1994-01-05,80952,24,3373,successful,2,1945-02-04,M,1,2,OWNER,1,monthly issuance,1993-02-26
23,4959,2,1994-01-05,80952,24,3373,successful,3,1940-10-09,F,1,3,DISPONENT,1,monthly issuance,1993-02-26
24,6499,7401,1994-01-05,80952,24,3373,successful,9173,1945-02-04,M,1,8865,OWNER,1,monthly issuance,1993-02-26
25,6499,7401,1994-01-05,80952,24,3373,successful,9174,1940-10-09,F,1,8866,DISPONENT,1,monthly issuance,1993-02-26
26,5479,2486,1994-01-10,24516,12,2043,successful,3001,1958-10-07,M,1,3001,OWNER,1,monthly issuance,1993-02-27
27,5170,1071,1994-01-20,253200,60,4220,successful,1286,1950-03-13,F,52,1286,OWNER,68,weekly issuance,1993-05-10
28,6721,8475,1994-01-21,21072,24,878,successful,10459,1964-08-09,F,17,10151,OWNER,4,monthly issuance,1993-09-08
29,7259,11111,1994-01-31,108144,36,3004,successful,13657,1963-05-12,F,59,13349,OWNER,1,monthly issuance,1993-05-20
30,7259,11111,1994-01-31,108144,36,3004,successful,13658,1957-04-23,M,59,13350,DISPONENT,1,monthly issuance,1993-05-20
31,5285,1603,1994-02-06,78936,12,6578,successful,1944,1957-01-22,F,31,1944,OWNER,1,monthly issuance,1993-05-09
32,5189,1166,1994-02-07,149040,48,3105,successful,1404,1968-12-20,F,11,1404,OWNER,11,monthly issuance,1993-04-21
33,6650,8073,1994-02-17,49320,12,4110,unsuccessful,9973,1945-10-03,F,24,9665,OWNER,24,issuance after transaction,1993-09-03
34,7226,10940,1994-02-23,197748,36,5493,successful,13447,1970-05-05,F,13,13139,OWNER,50,monthly issuance,1993-09-13
35,7226,10940,1994-02-23,197748,36,5493,successful,13448,1968-07-08,M,13,13140,DISPONENT,50,monthly issuance,1993-09-13
36,6087,5313,1994-02-27,300660,60,5011,successful,6417,1950-01-07,M,40,6417,OWNER,40,monthly issuance,1993-04-29
37,7262,11135,1994-03-01,182628,36,5073,successful,13687,1959-05-23,M,75,13379,OWNER,75,monthly issuance,1993-10-10
38,5519,2694,1994-03-08,91632,12,7636,successful,3251,1962-12-28,F,52,3251,OWNER,7,monthly issuance,1993-03-08
39,5519,2694,1994-03-08,91632,12,7636,successful,3252,1961-03-26,M,52,3252,DISPONENT,7,monthly issuance,1993-03-08
40,6577,7753,1994-03-11,51696,24,2154,successful,9593,1968-01-28,F,74,9285,OWNER,74,monthly issuance,1993-02-08
41,6509,7445,1994-03-15,55368,24,2307,successful,9226,1939-12-25,F,64,8918,OWNER,64,monthly issuance,1993-03-18
42,6520,7485,1994-03-16,91200,24,3800,successful,9273,1955-08-26,F,39,8965,OWNER,39,monthly issuance,1993-07-28
43,6520,7485,1994-03-16,91200,24,3800,successful,9274,1958-04-05,M,39,8966,DISPONENT,39,monthly issuance,1993-07-28
44,6699,8330,1994-03-30,7656,24,319,successful,10287,1962-09-03,F,48,9979,OWNER,48,monthly issuance,1993-03-28
45,6699,8330,1994-03-30,7656,24,319,successful,10288,1959-06-07,M,48,9980,DISPONENT,48,monthly issuance,1993-03-28
46,6336,6555,1994-03-31,212400,36,5900,successful,7914,1966-10-24,F,38,7914,OWNER,38,weekly issuance,1993-03-05
47,7055,10079,1994-04-06,167100,60,2785,successful,12396,1970-01-17,F,62,12088,OWNER,62,monthly issuance,1993-05-06
48,7055,10079,1994-04-06,167100,60,2785,successful,12397,1973-06-02,M,62,12089,DISPONENT,62,monthly issuance,1993-05-06
49,6103,5385,1994-04-07,149340,60,2489,successful,6499,1963-02-01,M,44,6499,OWNER,44,weekly issuance,1993-05-21
50,6202,5891,1994-04-18,65184,12,5432,successful,7127,1957-09-29,M,3,7127,OWNER,54,monthly issuance,1993-01-25
51,7066,10131,1994-05-02,215388,36,5983,unsuccessful,12464,1959-12-17,M,39,12156,OWNER,1,monthly issuance,1993-11-27
52,6696,8321,1994-05-09,89040,60,1484,successful,10275,1970-01-25,F,77,9967,OWNER,77,monthly issuance,1993-04-12
53,6696,8321,1994-05-09,89040,60,1484,successful,10276,1976-11-16,M,77,9968,DISPONENT,77,monthly issuance,1993-04-12
54,6072,5256,1994-05-10,193968,36,5388,successful,6349,1972-12-03,M,72,6349,OWNER,72,issuance after transaction,1993-10-25
55,5130,813,1994-05-11,24312,12,2026,successful,976,1955-11-19,F,16,976,OWNER,16,monthly issuance,1993-02-10
56,5568,2933,1994-05-17,272520,60,4542,successful,3542,1939-09-02,M,10,3542,OWNER,10,monthly issuance,1993-06-18
57,5568,2933,1994-05-17,272520,60,4542,successful,3543,1941-08-19,F,10,3543,DISPONENT,10,monthly issuance,1993-06-18
58,6678,8173,1994-05-20,80340,12,6695,successful,10095,1976-02-06,F,1,9787,OWNER,11,monthly issuance,1993-07-05
59,6678,8173,1994-05-20,80340,12,6695,successful,10096,1978-01-05,M,1,9788,DISPONENT,11,monthly issuance,1993-07-05
60,6998,9833,1994-05-21,97632,12,8136,successful,12102,1968-09-07,F,21,11794,OWNER,20,monthly issuance,1993-07-24
61,6580,7769,1994-05-22,196080,48,4085,successful,9611,1958-05-27,M,23,9303,OWNER,23,monthly issuance,1993-10-03
62,6316,6473,1994-05-26,76908,12,6409,unsuccessful,7815,1946-01-19,F,4,7815,OWNER,12,monthly issuance,1993-01-26
63,6512,7454,1994-05-26,63312,48,1319,successful,9236,1956-05-07,F,31,8928,OWNER,4,monthly issuance,1993-04-19
64,6407,6930,1994-05-26,25944,24,1081,successful,8366,1960-05-21,F,41,8366,OWNER,41,monthly issuance,1993-09-08
65,5002,173,1994-05-31,104808,12,8734,successful,210,1939-11-30,M,66,210,OWNER,66,monthly issuance,1993-11-26
66,5002,173,1994-05-31,104808,12,8734,successful,211,1945-06-28,F,66,211,DISPONENT,66,monthly issuance,1993-11-26
67,6647,8051,1994-06-01,208320,48,4340,successful,9945,1968-04-14,F,31,9637,OWNER,1,weekly issuance,1993-02-07
68,6647,8051,1994-06-01,208320,48,4340,successful,9946,1960-04-20,M,31,9638,DISPONENT,1,weekly issuance,1993-02-07
69,7137,10439,1994-06-03,151560,24,6315,successful,12843,1953-05-05,M,66,12535,OWNER,66,monthly issuance,1993-11-21
70,6903,9337,1994-06-04,52128,24,2172,successful,11497,1959-07-17,F,11,11189,OWNER,30,monthly issuance,1993-09-13
71,5918,4576,1994-06-04,300204,36,8339,successful,5517,1964-03-13,M,57,5517,OWNER,27,monthly issuance,1993-06-05
72,6642,8027,1994-06-05,77640,12,6470,successful,9915,1967-07-10,M,27,9607,OWNER,44,weekly issuance,1993-07-07
73,6210,5927,1994-06-06,87216,48,1817,unsuccessful,7166,1964-05-13,M,15,7166,OWNER,15,monthly issuance,1993-11-26
74,6279,6273,1994-06-07,87360,24,3640,successful,7576,1962-07-10,M,38,7576,OWNER,38,monthly issuance,1993-07-21
75,7249,11065,1994-06-12,69360,48,1445,successful,13603,1941-07-28,M,46,13295,OWNER,11,monthly issuance,1993-03-19
76,6736,8558,1994-06-14,288360,60,4806,successful,10555,1935-12-15,M,1,10247,OWNER,1,issuance after transaction,1994-02-27
77,6112,5442,1994-06-17,174744,24,7281,unsuccessful,6567,1978-11-21,F,5,6567,OWNER,34,monthly issuance,1993-03-22
78,5319,1811,1994-06-23,239460,60,3991,successful,2195,1942-09-13,F,68,2195,OWNER,40,monthly issuance,1993-09-22
79,6596,7844,1994-06-25,91584,24,3816,successful,9702,1951-11-16,F,33,9394,OWNER,1,monthly issuance,1993-11-26
80,5837,4260,1994-06-29,244560,60,4076,successful,5134,1967-07-19,F,58,5134,OWNER,56,monthly issuance,1993-10-14
81,5657,3354,1994-07-05,4980,12,415,successful,4056,1952-07-26,F,63,4056,OWNER,63,monthly issuance,1993-11-05
82,5533,2762,1994-07-05,111384,24,4641,successful,3335,1967-02-10,M,11,3335,OWNER,19,monthly issuance,1993-03-20
83,6232,6051,1994-07-08,276660,36,7685,unsuccessful,7311,1949-05-18,M,56,7311,OWNER,56,monthly issuance,1993-08-28
84,6888,9265,1994-07-11,39576,12,3298,successful,11409,1980-05-02,F,32,11101,OWNER,1,monthly issuance,1993-02-04
85,6066,5228,1994-07-11,173808,24,7242,successful,6317,1957-01-27,F,77,6317,OWNER,77,issuance after transaction,1993-06-23
86,6066,5228,1994-07-11,173808,24,7242,successful,6318,1950-03-05,M,77,6318,DISPONENT,77,issuance after transaction,1993-06-23
87,5549,2824,1994-07-16,50460,60,841,successful,3414,1947-10-17,F,11,3414,OWNER,11,monthly issuance,1993-10-20
88,5060,426,1994-07-19,252060,60,4201,unsuccessful,512,1965-08-03,F,60,512,OWNER,1,monthly issuance,1993-11-29
89,6004,4937,1994-07-23,143904,24,5996,successful,5965,1951-04-10,M,50,5965,OWNER,12,monthly issuance,1993-02-20
90,5126,790,1994-07-24,208128,48,4336,unsuccessful,946,1951-08-06,M,54,946,OWNER,54,monthly issuance,1993-05-11
91,7220,10911,1994-07-28,131292,36,3647,successful,13412,1954-03-20,M,1,13104,OWNER,1,weekly issuance,1993-05-29
92,6668,8129,1994-07-30,74736,36,2076,successful,10043,1965-10-29,M,45,9735,OWNER,45,monthly issuance,1993-06-26
93,5395,2176,1994-07-30,299088,36,8308,unsuccessful,2635,1966-12-10,F,67,2635,OWNER,67,monthly issuance,1993-06-06
94,6836,9093,1994-08-03,189300,60,3155,successful,11195,1953-12-05,M,58,10887,OWNER,47,monthly issuance,1993-06-16
95,6064,5215,1994-08-04,14628,12,1219,successful,6301,1949-03-08,F,55,6301,OWNER,55,monthly issuance,1993-07-01
96,6919,9403,1994-08-05,120888,36,3358,successful,11574,1944-04-20,F,1,11266,OWNER,1,weekly issuance,1993-03-27
97,6841,9104,1994-08-07,172080,48,3585,successful,11208,1957-03-05,F,10,10900,OWNER,10,monthly issuance,1994-01-21
98,6038,5120,1994-08-10,323472,48,6739,successful,6178,1940-10-15,F,1,6178,OWNER,1,monthly issuance,1993-06-21
99,6729,8519,1994-08-11,74688,12,6224,successful,10510,1945-01-26,F,23,10202,OWNER,23,monthly issuance,1993-04-02
100,6729,8519,1994-08-11,74688,12,6224,successful,10511,1950-01-15,M,23,10203,DISPONENT,23,monthly issuance,1993-04-02
101,7198,10788,1994-08-23,45768,12,3814,successful,13260,1977-05-27,F,72,12952,OWNER,67,weekly issuance,1993-11-22
102,6686,8260,1994-08-25,224604,36,6239,successful,10198,1976-05-24,M,31,9890,OWNER,31,monthly issuance,1993-03-24
103,6686,8260,1994-08-25,224604,36,6239,successful,10199,1979-08-13,F,31,9891,DISPONENT,31,monthly issuance,1993-03-24
104,5836,4259,1994-08-27,79632,24,3318,successful,5133,1959-08-10,F,66,5133,OWNER,66,monthly issuance,1994-04-08
105,7061,10105,1994-08-27,121896,24,5079,successful,12432,1965-03-07,M,55,12124,OWNER,55,monthly issuance,1993-04-28
106,5595,3050,1994-09-02,82896,12,6908,successful,3687,1972-02-06,M,49,3687,OWNER,60,monthly issuance,1993-05-08
107,5595,3050,1994-09-02,82896,12,6908,successful,3688,1975-05-02,F,49,3688,DISPONENT,60,monthly issuance,1993-05-08
108,5723,3674,1994-09-10,23628,12,1969,successful,4428,1954-03-09,M,38,4428,OWNER,38,monthly issuance,1993-03-12
109,6120,5481,1994-09-11,209184,48,4358,successful,6616,1953-06-18,M,1,6616,OWNER,52,monthly issuance,1993-08-16
110,6895,9307,1994-09-19,41904,12,3492,successful,11461,1974-07-08,M,70,11153,OWNER,68,monthly issuance,1993-01-24
111,5882,4427,1994-09-26,87816,12,7318,successful,5337,1961-05-02,M,1,5337,OWNER,32,monthly issuance,1993-06-07
112,5882,4427,1994-09-26,87816,12,7318,successful,5338,1966-05-25,F,1,5338,DISPONENT,32,monthly issuance,1993-06-07
113,5754,3834,1994-09-28,23052,12,1921,successful,4620,1940-11-01,F,54,4620,OWNER,54,monthly issuance,1993-01-19
114,5754,3834,1994-09-28,23052,12,1921,successful,4621,1946-02-10,M,54,4621,DISPONENT,54,monthly issuance,1993-01-19
115,6594,7824,1994-09-28,189696,24,7904,unsuccessful,9675,1970-02-19,F,60,9367,OWNER,60,monthly issuance,1994-05-17
116,6738,8566,1994-09-29,230220,36,6395,unsuccessful,10566,1942-11-09,F,74,10258,OWNER,74,monthly issuance,1993-10-08
117,6624,7965,1994-09-30,71460,12,5955,successful,9844,1945-08-03,M,55,9536,OWNER,55,monthly issuance,1993-11-08
118,6624,7965,1994-09-30,71460,12,5955,successful,9845,1943-06-15,F,55,9537,DISPONENT,55,monthly issuance,1993-11-08
119,6216,5952,1994-09-30,141240,24,5885,successful,7195,1962-09-11,M,50,7195,OWNER,50,monthly issuance,1993-09-07
120,6229,6040,1994-10-02,11736,24,489,successful,7299,1938-09-16,M,1,7299,OWNER,1,monthly issuance,1993-04-22
121,5887,4448,1994-10-03,192744,36,5354,successful,5366,1971-09-20,F,60,5366,OWNER,60,monthly issuance,1993-06-02
122,5887,4448,1994-10-03,192744,36,5354,successful,5367,1979-06-06,M,60,5367,DISPONENT,60,monthly issuance,1993-06-02
123,6808,8982,1994-10-12,227880,36,6330,successful,11063,1955-11-04,F,64,10755,OWNER,64,monthly issuance,1993-09-25
124,6808,8982,1994-10-12,227880,36,6330,successful,11064,1953-07-09,M,64,10756,DISPONENT,64,monthly issuance,1993-09-25
125,6297,6363,1994-10-25,17508,12,1459,successful,7683,1946-04-01,M,12,7683,OWNER,74,monthly issuance,1993-08-01
126,5161,1012,1994-10-28,98184,24,4091,successful,1216,1945-06-12,F,65,1216,OWNER,65,monthly issuance,1994-07-09
127,5390,2167,1994-10-30,170256,24,7094,successful,2623,1965-07-16,F,16,2623,OWNER,16,monthly issuance,1993-08-08
128,6150,5622,1994-11-02,83016,12,6918,successful,6789,1979-03-26,M,57,6789,OWNER,70,monthly issuance,1993-02-08
129,6223,5991,1994-11-03,61056,48,1272,successful,7241,1957-09-06,F,57,7241,OWNER,1,monthly issuance,1993-11-21
130,5032,290,1994-11-03,123696,48,2577,successful,352,1940-08-27,M,56,352,OWNER,56,monthly issuance,1993-12-02
131,6253,6148,1994-11-04,59760,24,2490,successful,7422,1958-11-26,M,74,7422,OWNER,74,monthly issuance,1993-12-27
132,6253,6148,1994-11-04,59760,24,2490,successful,7423,1964-09-08,F,74,7423,DISPONENT,74,monthly issuance,1993-12-27
133,6460,7133,1994-11-06,48672,36,1352,successful,8610,1948-05-02,F,55,8610,OWNER,1,monthly issuance,1993-09-17
134,6460,7133,1994-11-06,48672,36,1352,successful,8611,1948-10-26,M,55,8611,DISPONENT,1,monthly issuance,1993-09-17
135,6645,8041,1994-11-06,140400,36,3900,successful,9933,1941-10-15,M,74,9625,OWNER,1,monthly issuance,1993-10-10
136,5176,1106,1994-11-12,192552,24,8023,unsuccessful,1327,1963-12-31,F,20,1327,OWNER,20,weekly issuance,1993-08-29
137,5269,1527,1994-11-19,164052,36,4557,unsuccessful,1851,1975-09-12,F,31,1851,OWNER,31,issuance after transaction,1993-11-17
138,5351,1978,1994-12-04,205200,36,5700,successful,2403,1963-01-25,F,1,2403,OWNER,57,weekly issuance,1993-06-11
139,5861,4337,1994-12-08,51408,24,2142,successful,5224,1949-07-24,M,29,5224,OWNER,29,monthly issuance,1993-11-16
140,5450,2345,1994-12-11,199680,60,3328,successful,2834,1949-05-23,M,52,2834,OWNER,5,monthly issuance,1993-10-25
141,7142,10451,1994-12-19,482940,60,8049,unsuccessful,12859,1976-05-21,F,1,12551,OWNER,1,monthly issuance,1993-08-29
142,6306,6425,1994-12-20,36684,12,3057,successful,7753,1978-09-23,F,70,7753,OWNER,31,monthly issuance,1993-03-29
143,6272,6226,1994-12-20,398640,60,6644,successful,7521,1960-02-09,F,74,7521,OWNER,74,weekly issuance,1993-07-26
144,5044,344,1994-12-21,100980,60,1683,successful,421,1965-07-31,M,54,421,OWNER,54,monthly issuance,1993-12-01
145,5576,2962,1994-12-21,31248,12,2604,successful,3576,1939-03-15,F,1,3576,OWNER,1,monthly issuance,1993-05-30
146,7192,10738,1994-12-21,115992,36,3222,successful,13201,1937-05-17,M,31,12893,OWNER,45,weekly issuance,1993-04-17
147,5739,3747,1995-01-02,76380,12,6365,successful,4520,1957-06-28,F,1,4520,OWNER,1,monthly issuance,1994-05-01
148,6526,7523,1995-01-03,288468,36,8013,successful,9316,1958-10-26,F,63,9008,OWNER,63,monthly issuance,1994-08-29
149,5624,3166,1995-01-03,177744,48,3703,unsuccessful,3829,1972-03-13,M,59,3829,OWNER,71,monthly issuance,1993-08-10
150,6244,6118,1995-01-08,270648,36,7518,unsuccessful,7390,1937-11-04,M,1,7390,OWNER,1,weekly issuance,1994-03-07
151,5131,816,1995-01-08,48624,24,2026,successful,980,1961-09-30,M,40,980,OWNER,52,monthly issuance,1993-08-05
152,6960,9640,1995-01-11,76416,24,3184,successful,11866,1937-09-02,M,1,11558,OWNER,1,monthly issuance,1993-03-13
153,6960,9640,1995-01-11,76416,24,3184,successful,11867,1934-11-19,F,1,11559,DISPONENT,1,monthly issuance,1993-03-13
154,6358,6715,1995-01-14,137880,60,2298,unsuccessful,8105,1963-03-12,M,72,8105,OWNER,48,weekly issuance,1993-09-15
155,5418,2245,1995-01-16,347952,48,7249,successful,2719,1964-10-30,F,29,2719,OWNER,29,monthly issuance,1993-03-30
156,6598,7857,1995-01-18,68112,12,5676,successful,9715,1977-11-30,F,35,9407,OWNER,75,monthly issuance,1993-08-04
157,5464,2419,1995-01-30,95808,12,7984,successful,2922,1940-09-07,M,43,2922,OWNER,24,monthly issuance,1993-11-27
158,6591,7819,1995-02-02,20832,48,434,successful,9670,1948-05-04,M,38,9362,OWNER,38,monthly issuance,1993-08-01
159,5724,3678,1995-02-05,316140,60,5269,unsuccessful,4433,1968-02-22,M,1,4433,OWNER,1,monthly issuance,1993-03-24
160,6315,6472,1995-02-06,43164,12,3597,successful,7814,1976-01-06,F,61,7814,OWNER,61,monthly issuance,1994-02-08
161,5876,4413,1995-02-08,221280,48,4610,successful,5318,1968-03-28,M,74,5318,OWNER,74,weekly issuance,1994-01-15
162,5876,4413,1995-02-08,221280,48,4610,successful,5319,1964-09-23,F,74,5319,DISPONENT,74,weekly issuance,1994-01-15
163,6986,9750,1995-02-11,151728,48,3161,unsuccessful,12003,1976-06-23,M,74,11695,OWNER,74,monthly issuance,1994-05-16
164,6294,6353,1995-02-12,79920,60,1332,successful,7672,1953-04-05,M,26,7672,OWNER,26,monthly issuance,1993-11-26
165,5132,817,1995-02-17,538500,60,8975,successful,981,1960-06-28,M,5,981,OWNER,5,monthly issuance,1994-03-18
166,5877,4414,1995-02-23,97224,24,4051,successful,5320,1951-04-07,F,17,5320,OWNER,24,monthly issuance,1993-09-10
167,5877,4414,1995-02-23,97224,24,4051,successful,5321,1950-02-01,M,17,5321,DISPONENT,24,monthly issuance,1993-09-10
168,6227,6030,1995-03-04,28248,24,1177,successful,7286,1970-02-10,F,47,7286,OWNER,47,monthly issuance,1993-08-24
169,7241,11021,1995-03-04,168984,24,7041,unsuccessful,13548,1976-03-18,M,1,13240,OWNER,1,monthly issuance,1993-08-10
170,6737,8564,1995-03-11,76680,24,3195,successful,10563,1949-01-07,M,68,10255,OWNER,68,monthly issuance,1993-09-12
171,6737,8564,1995-03-11,76680,24,3195,successful,10564,1954-03-19,F,68,10256,DISPONENT,68,monthly issuance,1993-09-12
172,7004,9869,1995-03-15,331560,60,5526,successful,12144,1980-11-23,M,2,11836,OWNER,12,monthly issuance,1993-08-21
173,7004,9869,1995-03-15,331560,60,5526,successful,12145,1982-06-25,F,2,11837,DISPONENT,12,monthly issuance,1993-08-21
174,6169,5700,1995-03-16,103680,60,1728,unsuccessful,6895,1971-06-24,M,42,6895,OWNER,42,monthly issuance,1993-07-20
175,5208,1247,1995-03-16,99696,48,2077,unsuccessful,1505,1971-06-25,F,65,1505,OWNER,25,monthly issuance,1993-06-08
176,6694,8316,1995-03-19,134784,24,5616,successful,10269,1940-05-11,F,70,9961,OWNER,70,monthly issuance,1994-06-04
177,5599,3064,1995-03-21,15420,12,1285,successful,3705,1965-06-04,F,1,3705,OWNER,40,monthly issuance,1993-05-23
178,6546,7607,1995-03-27,31728,24,1322,successful,9418,1950-04-10,M,1,9110,OWNER,1,monthly issuance,1993-09-05
179,6546,7607,1995-03-27,31728,24,1322,successful,9419,1950-11-09,F,1,9111,DISPONENT,1,monthly issuance,1993-09-05
180,5414,2228,1995-03-29,185952,48,3874,successful,2700,1945-02-22,M,34,2700,OWNER,34,monthly issuance,1994-03-19
181,5453,2361,1995-04-01,156672,36,4352,successful,2853,1956-04-25,F,28,2853,OWNER,28,monthly issuance,1994-02-25
182,5740,3752,1995-04-02,18564,12,1547,successful,4527,1963-02-04,F,1,4527,OWNER,1,monthly issuance,1994-11-25
183,5804,4079,1995-04-05,158976,48,3312,successful,4916,1939-01-09,M,52,4916,OWNER,52,monthly issuance,1993-11-03
184,6745,8625,1995-04-10,47304,24,1971,successful,10636,1971-08-03,M,64,10328,OWNER,64,monthly issuance,1993-11-10
185,6950,9591,1995-04-11,104712,24,4363,successful,11804,1944-12-12,M,74,11496,OWNER,74,monthly issuance,1993-05-20
186,6996,9828,1995-04-13,126600,24,5275,successful,12095,1939-02-27,M,47,11787,OWNER,11,monthly issuance,1993-05-20
187,5352,1993,1995-04-15,68400,12,5700,unsuccessful,2422,1976-06-09,F,68,2422,OWNER,68,monthly issuance,1994-10-30
188,6151,5628,1995-04-25,225420,60,3757,successful,6798,1948-08-03,F,61,6798,OWNER,61,monthly issuance,1994-06-17
189,5310,1762,1995-04-28,248148,36,6893,successful,2136,1940-07-24,F,28,2136,OWNER,28,monthly issuance,1993-12-11
190,5045,347,1995-05-01,187224,24,7801,unsuccessful,424,1947-10-08,M,1,424,OWNER,65,monthly issuance,1993-12-13
191,6929,9472,1995-05-08,36396,12,3033,successful,11662,1972-04-03,M,76,11354,OWNER,1,weekly issuance,1993-07-06
192,5151,960,1995-05-24,189060,60,3151,successful,1157,1958-12-30,F,4,1157,OWNER,4,issuance after transaction,1994-11-02
193,5212,1256,1995-05-29,71064,36,1974,successful,1516,1946-10-17,F,38,1516,OWNER,38,monthly issuance,1994-04-21
194,5138,854,1995-05-30,87216,48,1817,successful,1029,1954-03-16,F,1,1029,OWNER,62,monthly issuance,1993-09-21
195,5713,3629,1995-05-30,158760,60,2646,successful,4377,1978-01-31,M,48,4377,OWNER,48,monthly issuance,1993-07-27
196,6704,8377,1995-06-01,417060,60,6951,successful,10350,1961-09-14,F,29,10042,OWNER,29,monthly issuance,1993-11-20
197,6704,8377,1995-06-01,417060,60,6951,successful,10351,1958-11-10,M,29,10043,DISPONENT,29,monthly issuance,1993-11-20
198,6474,7190,1995-06-06,63360,60,1056,successful,8677,1955-08-14,M,49,8677,OWNER,49,monthly issuance,1993-09-06
199,6474,7190,1995-06-06,63360,60,1056,successful,8678,1962-07-12,F,49,8678,DISPONENT,49,monthly issuance,1993-09-06
200,6676,8159,1995-06-13,29784,24,1241,successful,10076,1969-12-25,F,26,9768,OWNER,26,monthly issuance,1995-02-08
201,6676,8159,1995-06-13,29784,24,1241,successful,10077,1973-06-27,M,26,9769,DISPONENT,26,monthly issuance,1995-02-08
202,6965,9656,1995-06-13,139536,24,5814,successful,11886,1941-09-13,F,61,11578,OWNER,61,monthly issuance,1993-11-14
203,6725,8489,1995-06-23,265320,36,7370,successful,10475,1948-08-28,F,51,10167,OWNER,19,monthly issuance,1993-09-18
204,6725,8489,1995-06-23,265320,36,7370,successful,10476,1950-12-04,M,51,10168,DISPONENT,19,monthly issuance,1993-09-18
205,7166,10630,1995-06-24,198240,24,8260,successful,13071,1956-02-18,M,41,12763,OWNER,41,monthly issuance,1995-01-15
206,7138,10440,1995-07-03,60000,60,1000,successful,12844,1946-10-15,M,45,12536,OWNER,72,monthly issuance,1993-09-13
207,5970,4774,1995-07-09,465072,48,9689,successful,5760,1948-05-08,M,66,5760,OWNER,66,monthly issuance,1994-01-14
208,5970,4774,1995-07-09,465072,48,9689,successful,5761,1941-05-11,F,66,5761,DISPONENT,66,monthly issuance,1994-01-14
209,6157,5650,1995-07-10,98592,24,4108,successful,6829,1963-12-24,F,10,6829,OWNER,10,issuance after transaction,1995-01-08
210,6153,5632,1995-07-25,285600,60,4760,successful,6803,1980-12-07,F,5,6803,OWNER,5,weekly issuance,1994-11-15
211,6153,5632,1995-07-25,285600,60,4760,successful,6804,1981-06-07,M,5,6804,DISPONENT,5,weekly issuance,1994-11-15
212,5693,3489,1995-08-01,44088,24,1837,successful,4217,1951-06-25,F,9,4217,OWNER,9,monthly issuance,1994-12-08
213,5922,4580,1995-08-05,20220,12,1685,successful,5521,1973-05-15,F,9,5521,OWNER,9,monthly issuance,1994-08-27
214,5959,4727,1995-08-11,107640,24,4485,successful,5701,1959-11-22,F,2,5701,OWNER,2,monthly issuance,1995-02-13
215,5980,4825,1995-08-18,21396,12,1783,successful,5826,1968-09-09,M,15,5826,OWNER,15,monthly issuance,1994-06-04
216,5980,4825,1995-08-18,21396,12,1783,successful,5827,1975-01-28,F,15,5827,DISPONENT,15,monthly issuance,1994-06-04
217,6764,8776,1995-08-26,33984,48,708,successful,10818,1972-08-04,M,64,10510,OWNER,64,monthly issuance,1994-08-24
218,5237,1375,1995-08-29,45336,24,1889,successful,1663,1957-04-29,M,19,1663,OWNER,19,monthly issuance,1994-04-27
219,6726,8492,1995-09-03,85860,60,1431,successful,10479,1955-10-20,F,2,10171,OWNER,2,monthly issuance,1994-06-29
220,6933,9493,1995-09-09,188688,48,3931,successful,11685,1965-07-23,F,64,11377,OWNER,64,monthly issuance,1995-04-02
221,5145,915,1995-09-16,309552,48,6449,successful,1102,1935-01-29,M,72,1102,OWNER,72,monthly issuance,1995-01-18
222,7008,9897,1995-09-22,36168,12,3014,successful,12181,1961-08-19,M,1,11873,OWNER,1,monthly issuance,1995-03-04
223,7227,10942,1995-10-02,314520,60,5242,successful,13451,1955-11-18,F,44,13143,OWNER,44,weekly issuance,1994-06-05
224,6600,7861,1995-10-08,21852,36,607,successful,9721,1954-12-05,M,34,9413,OWNER,34,monthly issuance,1995-04-22
225,6712,8405,1995-10-14,266220,60,4437,successful,10382,1965-02-17,F,20,10074,OWNER,20,monthly issuance,1994-05-10
226,7057,10093,1995-10-20,231696,36,6436,successful,12416,1973-05-30,M,1,12108,OWNER,1,weekly issuance,1994-07-01
227,7057,10093,1995-10-20,231696,36,6436,successful,12417,1974-01-03,F,1,12109,DISPONENT,1,weekly issuance,1994-07-01
228,7176,10663,1995-10-28,260028,36,7223,successful,13113,1976-11-25,M,11,12805,OWNER,11,monthly issuance,1993-12-08
229,7304,11349,1995-10-29,419880,60,6998,successful,13955,1945-10-30,F,1,13647,OWNER,1,weekly issuance,1995-05-26
230,7304,11349,1995-10-29,419880,60,6998,successful,13956,1943-04-06,M,1,13648,DISPONENT,1,weekly issuance,1995-05-26
231,6362,6738,1995-10-31,37908,12,3159,successful,8130,1976-05-08,F,62,8130,OWNER,62,monthly issuance,1994-07-28
232,5880,4423,1995-10-31,73836,36,2051,successful,5333,1967-05-29,F,39,5333,OWNER,39,monthly issuance,1995-04-26
233,6535,7546,1995-11-02,41952,12,3496,successful,9346,1972-12-10,M,43,9038,OWNER,43,monthly issuance,1994-09-03
234,5449,2343,1995-11-04,99336,24,4139,successful,2831,1980-07-09,F,68,2831,OWNER,68,monthly issuance,1994-12-09
235,6342,6609,1995-11-12,60156,36,1671,unsuccessful,7980,1976-08-08,M,16,7980,OWNER,16,monthly issuance,1995-03-27
236,5409,2218,1995-11-18,182040,60,3034,successful,2686,1951-03-24,F,19,2686,OWNER,19,monthly issuance,1994-11-21
237,5409,2218,1995-11-18,182040,60,3034,successful,2687,1949-08-22,M,19,2687,DISPONENT,19,monthly issuance,1994-11-21
238,6955,9627,1995-11-22,244368,48,5091,successful,11851,1970-04-02,M,65,11543,OWNER,65,issuance after transaction,1994-07-22
239,6985,9731,1995-11-22,113796,36,3161,successful,11978,1971-10-09,M,54,11670,OWNER,54,issuance after transaction,1994-12-01
240,6985,9731,1995-11-22,113796,36,3161,successful,11979,1977-12-09,F,54,11671,DISPONENT,54,issuance after transaction,1994-12-01
241,5125,789,1995-11-23,73056,48,1522,successful,944,1970-12-18,M,39,944,OWNER,39,monthly issuance,1995-02-06
242,5125,789,1995-11-23,73056,48,1522,successful,945,1977-01-10,F,39,945,DISPONENT,39,monthly issuance,1995-02-06
243,5805,4081,1995-11-28,137904,24,5746,unsuccessful,4918,1968-05-06,M,11,4918,OWNER,11,monthly issuance,1995-07-22
244,6185,5774,1995-11-28,31176,24,1299,successful,6987,1968-01-29,M,1,6987,OWNER,1,monthly issuance,1995-06-08
245,7243,11042,1995-12-04,217152,36,6032,successful,13576,1974-07-07,M,72,13268,OWNER,72,monthly issuance,1995-01-29
246,6403,6924,1995-12-05,194880,48,4060,successful,8359,1979-12-06,M,74,8359,OWNER,74,monthly issuance,1994-06-01
247,6578,7765,1995-12-11,27984,12,2332,successful,9606,1949-02-16,M,52,9298,OWNER,52,weekly issuance,1994-07-10
248,5413,2227,1995-12-12,92976,24,3874,successful,2698,1970-10-07,F,31,2698,OWNER,31,weekly issuance,1994-05-22
249,5413,2227,1995-12-12,92976,24,3874,successful,2699,1977-02-23,M,31,2699,DISPONENT,31,weekly issuance,1994-05-22
250,6949,9583,1995-12-12,104712,24,4363,successful,11794,1970-10-07,F,31,11486,OWNER,31,weekly issuance,1994-05-22
251,6949,9583,1995-12-12,104712,24,4363,successful,11795,1977-02-23,M,31,11487,DISPONENT,31,weekly issuance,1994-05-22
252,6545,7606,1995-12-12,191880,60,3198,successful,9417,1949-03-08,M,21,9109,OWNER,21,monthly issuance,1995-03-15
253,6178,5742,1995-12-16,232560,48,4845,successful,6946,1970-01-29,F,74,6946,OWNER,74,issuance after transaction,1995-07-05
254,5160,1011,1995-12-18,204000,60,3400,successful,1215,1944-05-06,M,45,1215,OWNER,45,monthly issuance,1994-12-17
255,6785,8899,1995-12-25,125340,60,2089,successful,10963,1944-06-15,M,1,10655,OWNER,1,weekly issuance,1994-09-05
256,6540,7562,1995-12-31,309600,48,6450,successful,9366,1975-06-26,M,72,9058,OWNER,72,weekly issuance,1995-01-17
257,6589,7815,1996-01-01,189696,24,7904,successful,9663,1945-09-24,M,19,9355,OWNER,19,weekly issuance,1995-04-09
258,6589,7815,1996-01-01,189696,24,7904,successful,9664,1944-11-13,F,19,9356,DISPONENT,19,weekly issuance,1995-04-09
259,5900,4503,1996-01-01,135360,48,2820,successful,5433,1975-09-24,M,50,5433,OWNER,50,monthly issuance,1995-01-03
260,5999,4907,1996-01-03,98832,48,2059,successful,5928,1970-09-10,F,42,5928,OWNER,42,monthly issuance,1994-02-06
261,6043,5126,1996-01-11,20352,48,424,successful,6185,1948-03-05,F,58,6185,OWNER,58,monthly issuance,1995-04-03
262,6043,5126,1996-01-11,20352,48,424,successful,6186,1952-05-27,M,58,6186,DISPONENT,58,monthly issuance,1995-04-03
263,5482,2496,1996-01-12,165120,60,2752,successful,3013,1950-03-18,F,51,3013,OWNER,51,monthly issuance,1994-05-21
264,5482,2496,1996-01-12,165120,60,2752,successful,3014,1953-11-05,M,51,3014,DISPONENT,51,monthly issuance,1994-05-21
265,7263,11138,1996-01-19,89880,24,3745,successful,13690,1963-05-16,M,70,13382,OWNER,70,weekly issuance,1995-08-18
266,6013,4995,1996-02-03,128988,36,3583,unsuccessful,6034,1939-08-15,M,20,6034,OWNER,20,weekly issuance,1994-08-01
267,5750,3804,1996-02-08,63252,12,5271,successful,4584,1949-06-24,F,7,4584,OWNER,7,monthly issuance,1994-04-07
268,6027,5066,1996-02-10,61656,24,2569,unsuccessful,6115,1953-12-25,F,13,6115,OWNER,13,weekly issuance,1995-08-27
269,6303,6400,1996-02-12,72408,24,3017,unsuccessful,7727,1958-06-13,F,31,7727,OWNER,31,issuance after transaction,1995-10-09
270,7213,10884,1996-02-13,113544,36,3154,successful,13380,1942-09-18,M,65,13072,OWNER,65,monthly issuance,1995-02-20
271,6659,8092,1996-02-20,56100,60,935,successful,9995,1958-07-07,M,54,9687,OWNER,54,monthly issuance,1995-01-11
272,6175,5735,1996-02-21,290700,60,4845,unsuccessful,6936,1959-02-27,F,52,6936,OWNER,52,monthly issuance,1995-01-25
273,5610,3112,1996-02-24,123216,48,2567,successful,3763,1977-08-12,F,38,3763,OWNER,38,monthly issuance,1994-08-12
274,5610,3112,1996-02-24,123216,48,2567,successful,3764,1978-01-29,M,38,3764,DISPONENT,38,monthly issuance,1994-08-12
275,5563,2912,1996-02-29,380160,60,6336,successful,3519,1949-12-15,M,74,3519,OWNER,74,monthly issuance,1994-07-30
276,5989,4852,1996-03-04,213300,36,5925,successful,5860,1964-04-22,M,47,5860,OWNER,47,monthly issuance,1995-04-13
277,6698,8327,1996-03-10,247728,48,5161,successful,10282,1979-06-19,M,1,9974,OWNER,1,weekly issuance,1995-08-08
278,5312,1772,1996-03-13,202788,36,5633,successful,2148,1953-07-20,F,31,2148,OWNER,31,weekly issuance,1995-02-20
279,7189,10728,1996-03-21,154656,48,3222,successful,13190,1956-11-28,M,71,12882,OWNER,71,monthly issuance,1994-12-23
280,6816,9017,1996-03-26,100224,48,2088,unsuccessful,11105,1957-02-01,F,70,10797,OWNER,70,monthly issuance,1995-11-22
281,6137,5574,1996-04-10,44628,12,3719,successful,6731,1943-11-26,M,13,6731,OWNER,13,weekly issuance,1994-07-14
282,5128,808,1996-04-11,215616,48,4492,unsuccessful,968,1957-02-17,M,69,968,OWNER,69,monthly issuance,1995-06-13
283,5470,2456,1996-04-15,200976,48,4187,successful,2966,1955-02-20,M,65,2966,OWNER,65,monthly issuance,1995-09-09
284,5593,3037,1996-04-18,277884,36,7719,unsuccessful,3670,1980-09-17,F,44,3670,OWNER,44,monthly issuance,1994-05-26
285,5350,1967,1996-04-21,249312,48,5194,successful,2392,1955-05-21,M,26,2392,OWNER,26,weekly issuance,1995-02-13
286,6063,5213,1996-04-25,320976,48,6687,unsuccessful,6299,1936-08-09,M,1,6299,OWNER,1,monthly issuance,1995-08-18
287,6501,7418,1996-04-29,30276,12,2523,unsuccessful,9196,1939-04-23,F,21,8888,OWNER,21,monthly issuance,1995-04-07
288,5452,2352,1996-04-29,49440,60,824,successful,2843,1966-10-06,F,70,2843,OWNER,70,monthly issuance,1995-01-21
289,4961,19,1996-04-29,30276,12,2523,unsuccessful,25,1939-04-23,F,21,25,OWNER,21,monthly issuance,1995-04-07
290,4973,67,1996-05-02,165960,24,6915,successful,78,1944-06-13,F,16,78,OWNER,16,monthly issuance,1994-10-19
291,6190,5794,1996-05-06,123600,60,2060,successful,7010,1967-06-30,M,70,7010,OWNER,70,monthly issuance,1995-07-14
292,6190,5794,1996-05-06,123600,60,2060,successful,7011,1961-04-14,F,70,7011,DISPONENT,70,monthly issuance,1995-07-14
293,6715,8411,1996-05-06,220620,60,3677,successful,10389,1943-08-15,F,20,10081,OWNER,20,monthly issuance,1994-12-02
294,5892,4462,1996-05-14,66480,24,2770,unsuccessful,5384,1935-07-21,M,73,5384,OWNER,73,weekly issuance,1995-12-27
295,6550,7614,1996-05-18,320592,48,6679,successful,9427,1970-11-09,F,62,9119,OWNER,62,monthly issuance,1995-02-08
296,6550,7614,1996-05-18,320592,48,6679,successful,9428,1965-05-09,M,62,9120,DISPONENT,62,monthly issuance,1995-02-08
297,5706,3608,1996-05-24,161496,36,4486,successful,4352,1971-07-24,M,72,4352,OWNER,72,weekly issuance,1994-08-30
298,5148,940,1996-05-29,284280,60,4738,successful,1133,1958-09-15,F,37,1133,OWNER,37,monthly issuance,1994-11-15
299,5148,940,1996-05-29,284280,60,4738,successful,1134,1959-10-01,M,37,1134,DISPONENT,37,monthly issuance,1994-11-15
300,6734,8547,1996-05-30,173016,36,4806,successful,10543,1945-02-23,F,14,10235,OWNER,14,weekly issuance,1995-07-17
301,6109,5422,1996-06-03,368880,60,6148,successful,6544,1974-08-04,M,66,6544,OWNER,66,monthly issuance,1994-10-22
302,6109,5422,1996-06-03,368880,60,6148,successful,6545,1978-09-09,F,66,6545,DISPONENT,66,monthly issuance,1994-10-22
303,6961,9645,1996-06-06,176148,36,4893,successful,11873,1963-11-20,F,38,11565,OWNER,38,monthly issuance,1996-01-23
304,6810,9006,1996-06-08,186384,48,3883,successful,11093,1959-01-29,M,40,10785,OWNER,40,weekly issuance,1994-09-02
305,5494,2572,1996-06-13,360000,48,7500,successful,3103,1973-03-07,F,64,3103,OWNER,64,issuance after transaction,1994-11-13
306,5311,1766,1996-06-15,30060,60,501,successful,2141,1951-09-06,M,28,2141,OWNER,28,monthly issuance,1994-09-03
307,5445,2322,1996-06-29,46320,24,1930,successful,2809,1979-02-14,M,33,2809,OWNER,33,monthly issuance,1995-01-02
308,5301,1698,1996-07-06,141948,36,3943,successful,2063,1950-09-26,F,68,2063,OWNER,68,monthly issuance,1996-03-14
309,7034,10001,1996-07-11,19044,36,529,successful,12303,1974-04-05,F,24,11995,OWNER,24,monthly issuance,1995-05-28
310,6751,8680,1996-07-14,85716,36,2381,successful,10702,1938-05-03,M,17,10394,OWNER,17,monthly issuance,1996-02-12
311,6751,8680,1996-07-14,85716,36,2381,successful,10703,1943-04-28,F,17,10395,DISPONENT,17,monthly issuance,1996-02-12
312,6667,8127,1996-07-15,155880,24,6495,successful,10040,1968-10-30,F,37,9732,OWNER,37,monthly issuance,1994-10-13
313,6667,8127,1996-07-15,155880,24,6495,successful,10041,1968-04-17,M,37,9733,DISPONENT,37,monthly issuance,1994-10-13
314,6130,5541,1996-07-18,32640,48,680,successful,6691,1942-10-15,M,43,6691,OWNER,43,monthly issuance,1995-03-24
315,5429,2268,1996-07-18,20196,36,561,successful,2746,1971-02-25,M,1,2746,OWNER,1,monthly issuance,1995-02-11
316,5725,3679,1996-07-23,444864,48,9268,successful,4434,1964-03-29,M,64,4434,OWNER,64,monthly issuance,1995-08-15
317,5725,3679,1996-07-23,444864,48,9268,successful,4435,1965-10-30,F,64,4435,DISPONENT,64,monthly issuance,1995-08-15
318,6019,5033,1996-07-25,11400,12,950,successful,6077,1980-04-30,F,54,6077,OWNER,54,monthly issuance,1995-08-03
319,6421,6985,1996-07-25,96768,36,2688,successful,8432,1968-01-06,F,38,8432,OWNER,38,monthly issuance,1995-07-27
320,6421,6985,1996-07-25,96768,36,2688,successful,8433,1961-09-11,M,38,8433,DISPONENT,38,monthly issuance,1995-07-27
321,6992,9790,1996-07-27,133968,48,2791,successful,12050,1943-05-30,M,52,11742,OWNER,52,monthly issuance,1995-11-09
322,6992,9790,1996-07-27,133968,48,2791,successful,12051,1936-09-30,F,52,11743,DISPONENT,52,monthly issuance,1995-11-09
323,5136,846,1996-07-28,187104,24,7796,successful,1020,1977-05-10,F,72,1020,OWNER,72,monthly issuance,1996-03-09
324,5337,1886,1996-07-31,162468,36,4513,successful,2288,1957-08-23,F,32,2288,OWNER,32,monthly issuance,1996-03-05
325,5337,1886,1996-07-31,162468,36,4513,successful,2289,1954-08-21,M,32,2289,DISPONENT,32,monthly issuance,1996-03-05
326,5495,2580,1996-08-02,89340,60,1489,successful,3113,1971-11-12,F,60,3113,OWNER,60,monthly issuance,1995-11-09
327,5495,2580,1996-08-02,89340,60,1489,successful,3114,1971-02-24,M,60,3114,DISPONENT,60,monthly issuance,1995-11-09
328,7013,9928,1996-08-02,89340,60,1489,successful,12220,1971-11-12,F,60,11912,OWNER,60,monthly issuance,1995-11-09
329,7013,9928,1996-08-02,89340,60,1489,successful,12221,1971-02-24,M,60,11913,DISPONENT,60,monthly issuance,1995-11-09
330,6012,4994,1996-08-03,258444,36,7179,successful,6033,1966-05-27,M,1,6033,OWNER,1,weekly issuance,1996-01-11
331,6471,7184,1996-08-04,155640,24,6485,successful,8670,1943-01-07,F,5,8670,OWNER,5,monthly issuance,1995-06-19
332,6296,6358,1996-08-06,270384,48,5633,successful,7678,1962-04-07,M,3,7678,OWNER,3,monthly issuance,1995-05-27
333,7305,11359,1996-08-06,54024,12,4502,successful,13968,1968-04-13,M,61,13660,OWNER,61,monthly issuance,1994-10-01
334,6144,5593,1996-08-09,44376,12,3698,successful,6753,1962-05-23,M,15,6753,OWNER,15,monthly issuance,1996-02-27
335,6283,6289,1996-08-11,85632,48,1784,successful,7594,1949-04-07,F,64,7594,OWNER,64,monthly issuance,1995-04-05
336,7246,11054,1996-08-20,148920,60,2482,successful,13590,1977-08-03,M,59,13282,OWNER,59,weekly issuance,1996-02-01
337,5088,544,1996-08-22,91152,24,3798,successful,655,1942-12-10,M,32,655,OWNER,32,monthly issuance,1995-05-15
338,5988,4851,1996-08-22,141648,24,5902,successful,5858,1952-07-17,M,52,5858,OWNER,52,monthly issuance,1996-02-04
339,5988,4851,1996-08-22,141648,24,5902,successful,5859,1945-01-29,F,52,5859,DISPONENT,52,monthly issuance,1996-02-04
340,5282,1583,1996-08-24,388512,48,8094,unsuccessful,1917,1969-03-13,F,69,1917,OWNER,69,issuance after transaction,1994-11-17
341,5938,4650,1996-08-25,402000,60,6700,successful,5606,1980-08-06,M,4,5606,OWNER,4,monthly issuance,1995-10-15
342,5606,3084,1996-08-28,253512,36,7042,unsuccessful,3730,1945-08-07,F,59,3730,OWNER,59,weekly issuance,1996-01-28
343,5385,2143,1996-09-09,71460,36,1985,successful,2592,1980-08-31,F,1,2592,OWNER,1,monthly issuance,1996-01-13
344,5385,2143,1996-09-09,71460,36,1985,successful,2593,1977-06-10,M,1,2593,DISPONENT,1,monthly issuance,1996-01-13
345,6865,9199,1996-09-11,29448,12,2454,unsuccessful,11327,1947-10-21,M,72,11019,OWNER,72,monthly issuance,1996-05-15
346,5586,2994,1996-09-14,48744,36,1354,successful,3616,1964-04-14,F,77,3616,OWNER,77,monthly issuance,1996-05-03
347,6302,6397,1996-09-16,181020,60,3017,successful,7723,1966-06-14,F,48,7723,OWNER,48,monthly issuance,1995-03-15
348,6302,6397,1996-09-16,181020,60,3017,successful,7724,1968-02-23,M,48,7724,DISPONENT,48,monthly issuance,1995-03-15
349,7194,10762,1996-09-17,68832,36,1912,successful,13231,1959-07-01,M,1,12923,OWNER,1,monthly issuance,1995-10-23
350,6461,7136,1996-09-19,74124,36,2059,successful,8615,1939-04-13,F,12,8615,OWNER,12,weekly issuance,1995-04-09
351,6732,8533,1996-09-19,174048,48,3626,successful,10528,1952-02-16,F,47,10220,OWNER,47,monthly issuance,1995-10-10
352,6613,7926,1996-09-22,84120,24,3505,successful,9798,1950-03-02,F,69,9490,OWNER,69,weekly issuance,1996-06-09
353,7036,10019,1996-09-25,194940,36,5415,successful,12325,1964-10-30,M,8,12017,OWNER,8,monthly issuance,1995-06-15
354,5897,4476,1996-09-25,15192,24,633,successful,5399,1972-12-27,F,24,5399,OWNER,24,monthly issuance,1994-11-10
355,6995,9814,1996-09-26,96168,12,8014,successful,12079,1972-08-12,F,64,11771,OWNER,64,weekly issuance,1995-01-19
356,5415,2236,1996-09-26,139464,36,3874,unsuccessful,2708,1958-08-12,M,73,2708,OWNER,73,monthly issuance,1995-08-27
357,7136,10436,1996-09-28,54396,36,1511,successful,12840,1939-07-27,M,60,12532,OWNER,60,monthly issuance,1996-03-21
358,7271,11186,1996-10-02,392460,60,6541,successful,13750,1980-11-13,F,12,13442,OWNER,12,monthly issuance,1994-11-24
359,7271,11186,1996-10-02,392460,60,6541,successful,13751,1979-07-20,M,12,13443,DISPONENT,12,monthly issuance,1994-11-24
360,5375,2106,1996-10-03,101520,12,8460,successful,2550,1976-10-12,F,1,2550,OWNER,1,monthly issuance,1996-02-01
361,5635,3230,1996-10-04,77184,36,2144,successful,3907,1954-12-09,F,1,3907,OWNER,1,monthly issuance,1995-03-11
362,6817,9024,1996-10-04,70656,48,1472,successful,11114,1952-07-26,M,1,10806,OWNER,1,monthly issuance,1996-01-05
363,5923,4585,1996-10-10,64656,48,1347,successful,5526,1947-03-19,M,27,5526,OWNER,27,monthly issuance,1996-06-08
364,5923,4585,1996-10-10,64656,48,1347,successful,5527,1941-11-28,F,27,5527,DISPONENT,27,monthly issuance,1996-06-08
365,5329,1862,1996-10-16,396120,60,6602,successful,2259,1950-01-02,F,19,2259,OWNER,19,weekly issuance,1995-04-15
366,6644,8039,1996-10-20,93600,24,3900,successful,9930,1972-06-23,M,9,9622,OWNER,9,monthly issuance,1995-12-17
367,6354,6688,1996-10-23,22968,36,638,successful,8076,1950-07-27,F,16,8076,OWNER,16,monthly issuance,1996-06-25
368,5082,501,1996-10-24,262980,60,4383,successful,603,1966-03-09,F,13,603,OWNER,13,monthly issuance,1995-10-21
369,6585,7795,1996-10-29,372120,60,6202,successful,9641,1945-01-26,M,64,9333,OWNER,64,monthly issuance,1995-01-05
370,6585,7795,1996-10-29,372120,60,6202,successful,9642,1937-09-03,F,64,9334,DISPONENT,64,monthly issuance,1995-01-05
371,6921,9422,1996-10-29,86184,12,7182,successful,11596,1940-12-04,F,70,11288,OWNER,70,monthly issuance,1996-03-06
372,5366,2062,1996-10-29,86184,12,7182,successful,2501,1940-12-04,F,70,2501,OWNER,70,monthly issuance,1996-03-06
373,5886,4447,1996-10-31,192744,36,5354,successful,5364,1964-03-14,M,62,5364,OWNER,62,monthly issuance,1996-06-16
374,5886,4447,1996-10-31,192744,36,5354,successful,5365,1971-05-01,F,62,5365,DISPONENT,62,monthly issuance,1996-06-16
375,5741,3754,1996-11-03,68544,24,2856,successful,4529,1976-09-16,M,37,4529,OWNER,37,weekly issuance,1996-02-19
376,5741,3754,1996-11-03,68544,24,2856,successful,4530,1984-09-18,F,37,4530,DISPONENT,37,weekly issuance,1996-02-19
377,4996,132,1996-11-06,88440,12,7370,successful,158,1945-07-03,F,40,158,OWNER,40,issuance after transaction,1996-05-11
378,4996,132,1996-11-06,88440,12,7370,successful,159,1938-09-10,M,40,159,DISPONENT,40,issuance after transaction,1996-05-11
379,6015,5001,1996-11-09,110112,24,4588,successful,6042,1963-10-12,M,53,6042,OWNER,53,monthly issuance,1995-12-15
380,6309,6434,1996-11-11,110136,24,4589,successful,7765,1958-02-24,F,1,7765,OWNER,1,monthly issuance,1995-05-08
381,6073,5263,1996-11-12,276300,60,4605,successful,6359,1976-07-06,M,64,6359,OWNER,64,monthly issuance,1995-07-14
382,6006,4948,1996-11-15,359760,60,5996,successful,5977,1979-05-31,M,43,5977,OWNER,43,monthly issuance,1995-07-29
383,5611,3115,1996-11-15,321180,60,5353,successful,3767,1936-09-07,M,14,3767,OWNER,14,monthly issuance,1996-03-27
384,5611,3115,1996-11-15,321180,60,5353,successful,3768,1944-03-04,F,14,3768,DISPONENT,14,monthly issuance,1996-03-27
385,6944,9548,1996-11-15,46176,48,962,successful,11754,1966-11-03,M,62,11446,OWNER,62,monthly issuance,1996-06-07
386,7101,10297,1996-11-18,421008,48,8771,successful,12662,1953-06-01,M,14,12354,OWNER,14,monthly issuance,1996-01-19
387,6599,7859,1996-11-19,72120,12,6010,successful,9717,1952-11-10,F,52,9409,OWNER,52,monthly issuance,1995-03-14
388,6599,7859,1996-11-19,72120,12,6010,successful,9718,1959-02-03,M,52,9410,DISPONENT,52,monthly issuance,1995-03-14
389,6940,9510,1996-11-22,228276,36,6341,successful,11709,1961-08-03,M,1,11401,OWNER,1,monthly issuance,1996-06-09
390,6940,9510,1996-11-22,228276,36,6341,successful,11710,1967-06-19,F,1,11402,DISPONENT,1,monthly issuance,1996-06-09
391,5209,1250,1996-11-25,182640,48,3805,successful,1509,1942-04-19,F,62,1509,OWNER,62,monthly issuance,1996-03-28
392,5388,2153,1996-11-28,61560,12,5130,successful,2606,1943-01-04,M,31,2606,OWNER,31,weekly issuance,1996-01-07
393,6011,4981,1996-11-28,179328,48,3736,successful,6015,1973-11-21,M,54,6015,OWNER,54,monthly issuance,1996-01-22
394,5591,3021,1996-12-04,155616,48,3242,successful,3649,1959-10-25,F,10,3649,OWNER,10,monthly issuance,1996-04-20
395,7154,10520,1996-12-05,417600,60,6960,successful,12943,1970-10-12,M,55,12635,OWNER,55,issuance after transaction,1995-10-24
396,7130,10411,1996-12-11,123408,24,5142,successful,12810,1964-10-14,M,39,12502,OWNER,39,issuance after transaction,1995-11-23
397,6818,9030,1996-12-12,155616,48,3242,successful,11121,1971-04-10,F,72,10813,OWNER,72,monthly issuance,1995-01-21
398,6818,9030,1996-12-12,155616,48,3242,successful,11122,1979-06-10,M,72,10814,DISPONENT,72,monthly issuance,1995-01-21
399,5625,3189,1996-12-15,222180,60,3703,unsuccessful,3855,1939-03-20,M,29,3855,OWNER,29,monthly issuance,1995-11-29
400,6805,8972,1996-12-21,45024,48,938,successful,11050,1957-05-04,F,70,10742,OWNER,70,monthly issuance,1996-05-21
401,7233,10963,1996-12-25,115812,36,3217,successful,13480,1953-06-01,M,16,13172,OWNER,16,monthly issuance,1995-05-20
402,7308,11362,1996-12-27,129408,24,5392,successful,13971,1962-10-19,F,67,13663,OWNER,67,monthly issuance,1995-10-14
