,gender,age
0,F,29
1,M,54
2,F,59
3,M,43
4,F,39
5,M,80
6,M,70
7,F,61
8,M,64
9,M,56
10,F,49
11,M,18
12,F,25
13,F,57
14,F,81
15,M,80
16,M,65
17,F,68
18,M,57
19,M,20
20,F,47
21,F,30
22,M,26
23,F,60
24,F,60
25,F,30
26,F,33
27,M,54
28,F,48
29,F,42
30,M,37
31,M,19
32,F,51
33,F,21
34,M,29
35,F,26
36,M,31
37,F,42
38,M,31
39,M,64
40,M,79
41,F,22
42,M,47
43,F,59
44,M,65
45,M,59
46,F,40
47,F,21
48,F,20
49,M,75
50,M,22
51,F,51
52,M,39
53,F,38
54,F,72
55,M,42
56,M,19
57,F,51
58,M,67
59,M,40
60,M,73
61,F,56
62,F,48
63,F,67
64,M,53
65,M,74
66,F,72
67,M,76
68,M,75
69,F,74
70,F,22
71,F,32
72,F,43
73,F,55
74,F,30
75,F,20
76,M,23
77,F,20
78,F,21
79,M,20
80,M,38
81,F,30
82,F,53
83,F,48
84,M,24
85,M,59
86,F,33
87,M,74
88,M,52
89,F,47
90,M,27
91,M,34
92,F,26
93,M,26
94,F,57
95,M,56
96,F,41
97,M,44
98,M,19
99,F,31
100,M,27
101,M,36
102,F,32
103,M,64
104,F,59
105,F,30
106,M,30
107,M,57
108,F,63
109,M,77
110,F,77
111,M,23
112,F,21
113,F,36
114,M,30
115,M,32
116,M,63
117,F,70
118,F,49
119,F,26
120,F,52
121,M,57
122,F,22
123,M,46
124,M,67
125,F,61
126,F,78
127,M,76
128,F,27
129,F,40
130,M,38
131,M,74
132,M,62
133,M,21
134,M,41
135,M,21
136,F,38
137,F,66
138,M,59
139,M,51
140,F,19
141,F,28
142,F,54
143,F,18
144,M,66
145,F,60
146,F,69
147,F,56
148,F,54
149,M,61
150,F,57
151,F,56
152,M,58
153,M,66
154,F,37
155,M,31
156,F,38
157,F,21
158,F,23
159,M,46
160,F,53
161,M,70
162,F,64
163,F,81
164,M,21
165,M,39
166,M,70
167,M,39
168,M,19
169,M,17
170,M,32
171,F,40
172,F,21
173,M,27
174,M,45
175,F,38
176,M,57
177,M,39
178,M,80
179,F,52
180,M,45
181,M,28
182,M,37
183,F,75
184,M,80
185,F,72
186,M,66
187,M,23
188,M,76
189,F,71
190,F,69
191,F,23
192,M,37
193,F,32
194,F,57
195,F,36
196,M,67
197,F,59
198,M,64
199,M,60
200,F,54
201,M,24
202,M,32
203,M,39
204,F,25
205,F,19
206,F,35
207,F,22
208,F,27
209,F,47
210,M,44
211,M,63
212,M,57
213,F,73
214,F,43
215,M,30
216,F,32
217,M,58
218,F,78
219,F,41
220,M,44
221,F,56
222,M,38
223,F,30
224,F,38
225,F,25
226,F,70
227,M,40
228,F,38
229,M,45
230,F,29
231,M,42
232,F,30
233,M,29
234,F,20
235,F,23
236,F,30
237,F,52
238,M,36
239,F,48
240,F,36
241,F,57
242,M,62
243,M,33
244,F,37
245,F,62
246,M,54
247,M,37
248,M,21
249,F,66
250,F,32
251,M,32
252,F,17
253,F,76
254,M,52
255,F,54
256,F,55
257,F,27
258,F,29
259,F,81
260,M,42
261,F,38
262,F,27
263,M,29
264,F,30
265,F,61
266,M,66
267,M,25
268,M,45
269,F,47
270,M,19
271,M,37
272,M,41
273,M,40
274,F,44
275,F,41
276,M,56
277,M,31
278,M,60
279,M,25
280,F,75
281,M,78
282,F,42
283,M,57
284,M,28
285,M,53
286,F,65
287,M,61
288,F,23
289,F,30
290,M,49
291,F,69
292,M,75
293,F,57
294,M,54
295,M,32
296,M,44
297,F,42
298,F,56
299,F,70
300,M,65
301,F,56
302,M,66
303,F,61
304,M,39
305,M,39
306,F,32
307,M,31
308,F,81
309,M,35
310,F,55
311,M,57
312,M,21
313,M,28
314,M,30
315,F,32
316,F,35
317,M,42
318,F,48
319,M,33
320,F,29
321,M,22
322,F,27
323,M,80
324,F,36
325,M,46
326,F,39
327,M,40
328,F,46
329,F,72
330,F,74
331,M,26
332,M,59
333,M,34
334,F,77
335,M,69
336,F,20
337,M,20
338,F,40
339,M,29
340,M,56
341,F,22
342,F,49
343,M,57
344,F,57
345,M,69
346,F,63
347,F,36
348,M,31
349,F,69
350,F,43
351,M,57
352,M,67
353,M,63
354,M,32
355,F,30
356,F,26
357,M,21
358,F,16
359,M,26
360,F,22
361,M,21
362,F,60
363,M,64
364,M,51
365,M,19
366,M,72
367,F,49
368,F,25
369,F,22
370,F,66
371,F,49
372,M,43
373,F,75
374,M,80
375,M,79
376,M,69
377,F,74
378,M,47
379,M,66
380,F,71
381,M,56
382,F,26
383,M,32
384,F,65
385,M,22
386,F,24
387,F,21
388,M,74
389,M,37
390,F,58
391,M,55
392,F,27
393,F,52
394,M,54
395,F,67
396,M,69
397,M,33
398,F,29
399,M,21
400,M,34
401,M,53
402,M,42
403,M,52
404,M,51
405,M,62
406,F,58
407,F,80
408,F,18
409,M,79
410,F,72
411,F,47
412,M,44
413,F,56
414,M,32
415,M,44
416,F,79
417,M,61
418,F,31
419,F,29
420,M,40
421,F,28
422,M,28
423,F,39
424,F,52
425,M,47
426,M,53
427,F,29
428,M,46
429,M,20
430,F,46
431,M,30
432,F,50
433,M,79
434,M,59
435,M,49
436,M,38
437,F,32
438,F,29
439,M,29
440,M,55
441,F,40
442,M,47
443,F,52
444,M,49
445,M,40
446,F,29
447,F,45
448,M,22
449,M,18
450,F,60
451,M,50
452,F,52
453,M,45
454,M,21
455,M,52
456,F,53
457,M,72
458,F,65
459,M,55
460,F,40
461,M,21
462,M,55
463,F,77
464,M,82
465,M,59
466,M,49
467,M,33
468,M,64
469,F,57
470,M,19
471,F,62
472,F,48
473,M,46
474,F,51
475,F,64
476,M,28
477,M,62
478,M,80
479,M,40
480,M,20
481,M,22
482,M,53
483,M,45
484,M,28
485,M,19
486,M,23
487,M,40
488,F,34
489,F,25
490,M,31
491,M,67
492,F,69
493,M,34
494,F,20
495,M,19
496,F,52
497,M,24
498,F,43
499,M,77
500,F,36
501,M,30
502,M,35
503,F,33
504,M,22
505,M,21
506,F,42
507,M,23
508,F,19
509,F,58
510,M,42
511,M,62
512,M,60
513,M,64
514,F,51
515,M,78
516,F,72
517,F,78
518,F,41
519,M,51
520,F,26
521,M,46
522,M,50
523,M,62
524,M,38
525,F,23
526,F,65
527,M,58
528,F,74
529,M,73
530,M,53
531,M,60
532,F,79
533,F,27
534,F,32
535,F,37
536,F,24
537,F,38
538,M,44
539,F,40
540,F,53
541,M,49
542,F,39
543,M,37
544,F,58
545,M,75
546,F,79
547,M,32
548,M,27
549,M,29
550,F,25
551,F,36
552,F,22
553,F,66
554,F,50
555,M,49
556,F,34
557,F,23
558,F,57
559,M,52
560,F,54
561,F,39
562,M,38
563,M,50
564,F,25
565,M,34
566,F,45
567,M,51
568,M,56
569,M,29
570,F,22
571,M,33
572,F,34
573,F,33
574,F,34
575,F,29
576,F,50
577,M,35
578,M,27
579,M,37
580,F,20
581,M,47
582,F,39
583,F,22
584,F,52
585,F,50
586,M,24
587,M,25
588,F,67
589,M,79
590,F,81
591,M,60
592,F,68
593,M,74
594,F,67
595,F,21
596,M,19
597,M,27
598,F,29
599,M,23
600,M,47
601,F,43
602,M,53
603,F,61
604,F,72
605,M,64
606,F,29
607,F,38
608,M,21
609,M,20
610,F,37
611,M,36
612,F,50
613,F,38
614,M,74
615,F,77
616,M,70
617,F,64
618,F,21
619,F,23
620,M,61
621,F,69
622,F,57
623,M,57
624,M,43
625,F,73
626,M,73
627,M,34
628,M,76
629,F,80
630,M,54
631,M,76
632,F,19
633,F,67
634,M,17
635,F,18
636,F,57
637,F,43
638,M,40
639,F,28
640,F,70
641,M,60
642,F,72
643,M,24
644,M,46
645,M,36
646,F,66
647,M,59
648,F,59
649,M,22
650,M,20
651,F,54
652,F,23
653,F,69
654,F,28
655,M,24
656,M,45
657,M,35
658,M,57
659,F,55
660,F,63
661,M,64
662,M,63
663,M,44
664,F,47
665,M,25
666,M,45
667,F,77
668,M,70
669,F,31
670,M,40
671,M,24
672,M,61
673,M,51
674,M,58
675,F,22
676,M,65
677,M,74
678,F,36
679,M,37
680,F,19
681,M,29
682,F,47
683,F,45
684,M,31
685,F,39
686,M,25
687,M,45
688,M,59
689,F,29
690,F,42
691,F,46
692,M,43
693,M,64
694,F,69
695,M,67
696,F,30
697,M,26
698,F,20
699,M,21
700,M,21
701,F,14
702,M,26
703,F,22
704,M,47
705,M,79
706,M,57
707,M,76
708,M,58
709,F,48
710,M,58
711,M,59
712,F,33
713,M,37
714,F,46
715,M,63
716,F,66
717,F,43
718,M,40
719,M,55
720,F,59
721,F,52
722,M,52
723,M,79
724,F,29
725,F,38
726,M,44
727,F,63
728,M,62
729,F,72
730,F,44
731,M,30
732,F,73
733,M,76
734,F,68
735,M,22
736,M,55
737,M,64
738,M,26
739,F,59
740,F,46
741,M,38
742,M,59
743,F,55
744,M,75
745,M,54
746,F,36
747,F,28
748,M,35
749,M,65
750,M,21
751,M,52
752,M,25
753,M,68
754,F,32
755,F,49
756,M,21
757,F,20
758,M,80
759,M,51
760,F,59
761,M,63
762,M,48
763,F,43
764,M,19
765,F,30
766,M,36
767,M,80
768,F,54
769,M,59
770,M,59
771,M,35
772,M,40
773,F,35
774,F,41
775,M,33
776,M,41
777,F,39
778,M,51
779,F,40
780,M,43
781,M,47
782,M,22
783,M,21
784,F,34
785,M,41
786,M,42
787,M,51
788,M,51
789,F,76
790,M,39
791,M,77
792,F,56
793,M,51
794,M,25
795,F,31
796,F,44
797,M,62
798,M,18
799,F,66
800,F,42
801,M,54
802,F,46
803,M,50
804,M,20
805,F,60
806,M,30
807,M,80
808,F,83
809,M,50
810,F,58
811,M,69
812,M,80
813,M,51
814,F,40
815,F,31
816,M,32
817,F,43
818,M,47
819,F,31
820,M,46
821,F,53
822,F,24
823,M,42
824,M,25
825,M,36
826,M,55
827,F,47
828,M,43
829,M,39
830,F,72
831,M,79
832,F,56
833,M,39
834,F,24
835,F,66
836,F,79
837,M,81
838,M,76
839,M,51
840,F,26
841,M,26
842,F,18
843,M,80
844,M,68
845,F,77
846,F,64
847,M,65
848,M,29
849,F,26
850,M,18
851,F,56
852,M,55
853,M,22
854,M,80
855,M,49
856,M,65
857,M,67
858,M,59
859,M,21
860,M,51
861,F,38
862,M,24
863,M,38
864,M,60
865,M,79
866,M,61
867,F,78
868,M,24
869,M,41
870,F,26
871,M,35
872,F,45
873,F,27
874,M,21
875,M,46
876,M,40
877,M,18
878,M,25
879,F,48
880,M,64
881,F,40
882,M,31
883,M,52
884,F,21
885,M,17
886,F,53
887,M,56
888,M,68
889,F,55
890,M,47
891,M,39
892,M,64
893,F,68
894,M,63
895,M,29
896,F,22
897,M,48
898,M,75
899,M,23
900,F,34
901,M,39
902,F,48
903,M,62
904,F,57
905,M,29
906,M,33
907,F,58
908,M,57
909,F,37
910,F,42
911,F,68
912,M,33
913,F,33
914,F,46
915,F,27
916,M,21
917,M,20
918,M,42
919,M,42
920,F,80
921,M,82
922,F,29
923,M,36
924,F,40
925,F,44
926,F,73
927,F,31
928,M,33
929,M,38
930,M,39
931,M,50
932,F,52
933,M,44
934,M,47
935,F,60
936,M,66
937,M,38
938,M,58
939,M,51
940,F,30
941,M,28
942,F,26
943,F,19
944,M,49
945,F,46
946,F,33
947,M,38
948,M,52
949,F,55
950,F,62
951,M,42
952,F,57
953,M,61
954,M,43
955,F,37
956,M,44
957,M,60
958,F,33
959,M,26
960,M,68
961,M,65
962,F,59
963,F,56
964,M,54
965,F,53
966,F,22
967,M,22
968,M,59
969,M,61
970,M,43
971,M,35
972,M,20
973,F,59
974,M,65
975,F,45
976,M,52
977,F,31
978,F,61
979,M,62
980,F,25
981,F,28
982,M,23
983,F,34
984,F,38
985,F,19
986,M,39
987,M,38
988,F,33
989,M,36
990,F,28
991,F,52
992,M,24
993,F,36
994,F,25
995,M,57
996,F,28
997,F,28
998,M,35
999,F,41
1000,M,75
1001,M,80
1002,M,36
1003,M,60
1004,F,24
1005,M,39
1006,F,42
1007,M,24
1008,F,23
1009,F,48
1010,M,42
1011,M,59
1012,M,47
1013,F,73
1014,F,61
1015,M,61
1016,M,74
1017,F,33
1018,M,75
1019,F,71
1020,F,65
1021,F,20
1022,M,79
1023,F,21
1024,M,38
1025,F,49
1026,M,29
1027,M,32
1028,M,62
1029,F,55
1030,F,67
1031,M,26
1032,F,21
1033,F,30
1034,M,60
1035,F,60
1036,F,59
1037,F,37
1038,F,23
1039,F,39
1040,M,45
1041,F,73
1042,M,69
1043,F,51
1044,F,20
1045,M,48
1046,M,53
1047,M,64
1048,M,48
1049,F,44
1050,M,57
1051,F,59
1052,M,38
1053,F,44
1054,F,68
1055,F,71
1056,M,20
1057,F,69
1058,M,23
1059,M,19
1060,F,79
1061,F,26
1062,F,23
1063,M,30
1064,F,19
1065,F,26
1066,M,60
1067,M,78
1068,F,77
1069,M,71
1070,F,65
1071,M,64
1072,M,25
1073,M,69
1074,M,68
1075,F,59
1076,F,52
1077,M,51
1078,F,41
1079,M,40
1080,M,47
1081,F,23
1082,F,22
1083,F,29
1084,M,26
1085,M,53
1086,F,58
1087,F,53
1088,M,53
1089,F,31
1090,M,34
1091,M,69
1092,M,58
1093,F,23
1094,F,54
1095,M,26
1096,M,18
1097,F,19
1098,M,75
1099,F,77
1100,F,66
1101,F,41
1102,F,45
1103,M,55
1104,F,61
1105,M,26
1106,F,24
1107,M,35
1108,F,40
1109,F,57
1110,M,40
1111,F,45
1112,M,21
1113,F,58
1114,M,22
1115,F,25
1116,F,76
1117,M,77
1118,F,29
1119,M,74
1120,F,81
1121,F,60
1122,F,28
1123,F,69
1124,M,55
1125,M,60
1126,F,53
1127,M,57
1128,F,52
1129,F,38
1130,M,31
1131,F,67
1132,F,23
1133,M,22
1134,F,74
1135,M,73
1136,F,60
1137,F,60
1138,M,56
1139,F,33
1140,F,24
1141,F,23
1142,F,68
1143,M,54
1144,F,19
1145,F,25
1146,M,42
1147,F,60
1148,F,24
1149,F,42
1150,M,38
1151,M,21
1152,F,72
1153,M,33
1154,M,59
1155,M,55
1156,F,54
1157,M,62
1158,M,19
1159,M,55
1160,F,46
1161,F,26
1162,F,60
1163,F,44
1164,M,61
1165,M,53
1166,F,48
1167,M,44
1168,F,50
1169,M,28
1170,F,34
1171,M,40
1172,M,57
1173,M,24
1174,F,20
1175,F,32
1176,M,76
1177,M,64
1178,F,23
1179,F,23
1180,F,57
1181,F,55
1182,F,25
1183,M,35
1184,M,20
1185,M,37
1186,F,30
1187,M,28
1188,F,47
1189,M,40
1190,F,46
1191,F,32
1192,F,60
1193,F,33
1194,F,44
1195,F,71
1196,M,75
1197,M,33
1198,F,54
1199,M,48
1200,M,47
1201,F,40
1202,F,23
1203,F,41
1204,F,47
1205,F,45
1206,M,50
1207,F,51
1208,M,69
1209,M,64
1210,M,55
1211,M,21
1212,M,23
1213,F,48
1214,F,57
1215,M,68
1216,M,21
1217,M,43
1218,M,47
1219,F,50
1220,M,63
1221,F,60
1222,M,56
1223,M,60
1224,F,49
1225,F,55
1226,M,27
1227,M,53
1228,M,23
1229,F,35
1230,M,22
1231,M,72
1232,F,69
1233,F,55
1234,F,40
1235,F,81
1236,M,78
1237,F,79
1238,M,20
1239,F,59
1240,M,63
1241,F,54
1242,F,77
1243,M,46
1244,M,45
1245,M,24
1246,F,22
1247,F,43
1248,F,64
1249,M,29
1250,F,24
1251,M,76
1252,F,53
1253,M,54
1254,M,68
1255,F,22
1256,F,54
1257,M,55
1258,F,43
1259,M,54
1260,F,43
1261,F,36
1262,F,62
1263,M,81
1264,M,31
1265,M,36
1266,F,42
1267,M,50
1268,M,21
1269,F,38
1270,M,37
1271,F,20
1272,M,16
1273,M,40
1274,F,60
1275,F,37
1276,F,60
1277,M,64
1278,M,31
1279,M,45
1280,M,29
1281,F,24
1282,F,31
1283,M,40
1284,F,48
1285,F,28
1286,M,40
1287,M,78
1288,F,23
1289,M,67
1290,F,48
1291,M,53
1292,F,77
1293,M,70
1294,F,20
1295,M,66
1296,F,61
1297,F,19
1298,F,34
1299,M,42
1300,M,21
1301,F,34
1302,F,51
1303,F,23
1304,F,24
1305,M,22
1306,M,41
1307,F,48
1308,F,58
1309,M,62
1310,F,46
1311,F,20
1312,M,17
1313,F,46
1314,M,46
1315,F,43
1316,F,22
1317,F,37
1318,F,72
1319,F,20
1320,M,34
1321,M,67
1322,F,65
1323,F,57
1324,M,58
1325,F,53
1326,F,78
1327,M,18
1328,M,63
1329,F,55
1330,F,31
1331,F,51
1332,M,58
1333,M,30
1334,M,48
1335,M,55
1336,F,60
1337,M,20
1338,F,30
1339,F,25
1340,M,72
1341,F,33
1342,F,25
1343,F,81
1344,M,83
1345,F,43
1346,F,23
1347,M,17
1348,M,47
1349,M,31
1350,F,35
1351,F,34
1352,M,79
1353,F,72
1354,F,17
1355,F,69
1356,F,38
1357,F,40
1358,M,32
1359,M,46
1360,F,36
1361,M,25
1362,M,21
1363,F,68
1364,M,66
1365,M,64
1366,F,57
1367,M,58
1368,M,45
1369,F,47
1370,F,42
1371,M,50
1372,F,30
1373,F,59
1374,F,33
1375,M,74
1376,F,72
1377,M,71
1378,F,65
1379,M,61
1380,M,23
1381,F,66
1382,M,30
1383,M,58
1384,F,63
1385,F,71
1386,M,68
1387,M,46
1388,M,75
1389,F,59
1390,F,33
1391,M,57
1392,F,61
1393,F,32
1394,F,68
1395,F,28
1396,M,67
1397,M,29
1398,M,30
1399,M,43
1400,M,56
1401,F,66
1402,F,49
1403,F,48
1404,M,47
1405,M,21
1406,F,25
1407,F,23
1408,M,38
1409,M,71
1410,M,71
1411,M,17
1412,F,31
1413,M,77
1414,F,84
1415,F,68
1416,F,57
1417,F,51
1418,M,58
1419,F,48
1420,M,18
1421,M,53
1422,M,26
1423,M,77
1424,F,81
1425,F,28
1426,M,68
1427,F,70
1428,F,45
1429,F,57
1430,F,51
1431,F,37
1432,F,57
1433,M,40
1434,M,42
1435,F,53
1436,M,43
1437,F,39
1438,M,40
1439,M,43
1440,M,20
1441,F,31
1442,F,68
1443,F,37
1444,M,56
1445,F,64
1446,M,65
1447,M,35
1448,F,27
1449,F,54
1450,F,39
1451,M,37
1452,M,39
1453,F,47
1454,M,63
1455,F,32
1456,M,20
1457,M,76
1458,M,62
1459,F,66
1460,M,80
1461,F,72
1462,M,69
1463,F,72
1464,M,76
1465,F,71
1466,F,53
1467,M,55
1468,M,49
1469,M,49
1470,F,40
1471,F,72
1472,M,59
1473,F,76
1474,M,80
1475,M,21
1476,F,52
1477,M,39
1478,F,33
1479,M,69
1480,F,72
1481,F,43
1482,M,41
1483,F,32
1484,F,36
1485,M,20
1486,F,76
1487,M,80
1488,M,55
1489,F,28
1490,M,36
1491,F,31
1492,F,36
1493,M,65
1494,F,27
1495,F,37
1496,M,64
1497,F,65
1498,M,71
1499,M,49
1500,F,48
1501,F,59
1502,F,46
1503,M,71
1504,F,74
1505,M,60
1506,F,45
1507,F,21
1508,M,43
1509,M,74
1510,M,35
1511,F,34
1512,F,30
1513,M,31
1514,M,31
1515,F,30
1516,F,19
1517,M,17
1518,F,58
1519,M,58
1520,F,55
1521,F,57
1522,F,36
1523,M,40
1524,M,38
1525,M,61
1526,F,47
1527,M,61
1528,F,49
1529,F,20
1530,F,57
1531,M,63
1532,F,47
1533,M,49
1534,M,36
1535,M,34
1536,F,26
1537,F,42
1538,M,33
1539,F,35
1540,M,23
1541,F,56
1542,F,27
1543,M,30
1544,F,69
1545,M,67
1546,M,56
1547,F,45
1548,F,40
1549,F,46
1550,F,76
1551,F,40
1552,F,23
1553,M,23
1554,F,38
1555,M,33
1556,F,21
1557,M,47
1558,F,49
1559,M,46
1560,F,33
1561,M,55
1562,M,36
1563,M,27
1564,F,31
1565,M,64
1566,F,70
1567,F,62
1568,F,17
1569,F,46
1570,M,32
1571,M,42
1572,F,81
1573,M,87
1574,M,58
1575,F,59
1576,F,50
1577,M,47
1578,M,38
1579,F,68
1580,M,71
1581,M,27
1582,F,79
1583,M,59
1584,M,46
1585,F,53
1586,F,57
1587,F,24
1588,M,59
1589,M,43
1590,F,48
1591,M,53
1592,F,55
1593,F,52
1594,M,52
1595,M,76
1596,M,63
1597,F,52
1598,F,21
1599,M,27
1600,F,19
1601,M,20
1602,F,76
1603,F,35
1604,M,32
1605,M,44
1606,M,50
1607,F,54
1608,F,26
1609,M,81
1610,F,85
1611,F,53
1612,M,55
1613,M,48
1614,F,47
1615,M,55
1616,F,37
1617,M,35
1618,M,64
1619,M,54
1620,F,20
1621,M,61
1622,M,29
1623,F,65
1624,M,65
1625,M,66
1626,F,18
1627,F,65
1628,F,40
1629,M,47
1630,M,48
1631,F,53
1632,M,52
1633,M,67
1634,F,31
1635,F,25
1636,M,24
1637,F,23
1638,F,20
1639,M,44
1640,F,36
1641,M,67
1642,M,45
1643,M,40
1644,F,30
1645,F,40
1646,F,40
1647,M,43
1648,M,23
1649,F,71
1650,M,35
1651,M,40
1652,M,21
1653,F,20
1654,M,20
1655,F,34
1656,M,63
1657,F,62
1658,M,52
1659,F,76
1660,M,76
1661,M,51
1662,M,43
1663,M,32
1664,M,28
1665,M,24
1666,M,48
1667,M,50
1668,F,48
1669,F,72
1670,F,20
1671,F,28
1672,M,56
1673,F,45
1674,F,36
1675,M,31
1676,M,64
1677,F,45
1678,M,75
1679,M,51
1680,F,53
1681,F,19
1682,M,24
1683,F,65
1684,M,68
1685,M,49
1686,F,66
1687,M,46
1688,F,33
1689,M,24
1690,F,54
1691,F,59
1692,F,39
1693,M,61
1694,F,58
1695,M,66
1696,M,40
1697,F,56
1698,M,29
1699,F,35
1700,F,53
1701,M,47
1702,M,64
1703,F,66
1704,M,68
1705,M,80
1706,M,60
1707,F,52
1708,M,50
1709,M,59
1710,F,22
1711,M,48
1712,F,46
1713,M,43
1714,F,20
1715,F,71
1716,M,58
1717,F,77
1718,F,21
1719,M,39
1720,F,25
1721,M,62
1722,F,58
1723,M,37
1724,F,57
1725,M,47
1726,M,23
1727,F,33
1728,M,33
1729,M,72
1730,F,71
1731,F,55
1732,M,42
1733,F,40
1734,F,63
1735,M,64
1736,F,46
1737,M,56
1738,F,60
1739,F,77
1740,M,81
1741,M,19
1742,F,20
1743,F,75
1744,F,77
1745,F,57
1746,F,24
1747,M,37
1748,M,34
1749,F,67
1750,F,31
1751,M,35
1752,F,35
1753,M,42
1754,F,22
1755,M,47
1756,M,51
1757,F,50
1758,F,57
1759,F,55
1760,M,19
1761,F,66
1762,M,64
1763,F,19
1764,F,36
1765,M,31
1766,M,53
1767,M,23
1768,M,48
1769,F,42
1770,M,36
1771,F,55
1772,M,25
1773,M,65
1774,F,67
1775,F,38
1776,F,23
1777,F,29
1778,M,79
1779,M,73
1780,F,81
1781,F,42
1782,F,44
1783,F,40
1784,M,71
1785,F,65
1786,F,52
1787,F,34
1788,M,17
1789,F,30
1790,M,38
1791,M,58
1792,M,34
1793,F,37
1794,F,60
1795,M,58
1796,F,50
1797,M,77
1798,F,71
1799,M,79
1800,F,55
1801,M,53
1802,F,61
1803,M,27
1804,M,31
1805,F,57
1806,M,60
1807,M,73
1808,F,30
1809,M,50
1810,M,24
1811,F,53
1812,M,50
1813,F,41
1814,M,61
1815,M,61
1816,F,64
1817,M,47
1818,F,47
1819,F,44
1820,F,65
1821,F,57
1822,F,59
1823,F,66
1824,F,70
1825,F,44
1826,M,39
1827,F,60
1828,M,74
1829,F,76
1830,F,78
1831,M,84
1832,M,73
1833,F,42
1834,M,45
1835,M,64
1836,M,18
1837,F,60
1838,M,57
1839,M,70
1840,M,28
1841,F,28
1842,M,34
1843,M,47
1844,F,28
1845,F,74
1846,M,27
1847,F,22
1848,M,79
1849,M,53
1850,F,79
1851,M,49
1852,M,54
1853,M,68
1854,M,60
1855,F,51
1856,F,36
1857,M,39
1858,F,73
1859,F,52
1860,F,30
1861,F,53
1862,F,68
1863,M,81
1864,F,84
1865,M,81
1866,F,64
1867,F,47
1868,F,73
1869,M,40
1870,F,29
1871,M,22
1872,F,17
1873,M,73
1874,M,62
1875,F,57
1876,M,47
1877,F,60
1878,M,56
1879,M,81
1880,M,24
1881,F,32
1882,F,58
1883,M,62
1884,F,22
1885,F,21
1886,F,17
1887,F,57
1888,F,22
1889,F,81
1890,M,78
1891,F,25
1892,M,20
1893,F,37
1894,M,41
1895,M,59
1896,M,63
1897,M,47
1898,F,74
1899,M,76
1900,F,59
1901,F,31
1902,M,65
1903,F,68
1904,F,54
1905,M,67
1906,F,74
1907,M,80
1908,M,60
1909,F,68
1910,M,65
1911,M,58
1912,F,65
1913,M,69
1914,F,75
1915,F,76
1916,F,19
1917,M,73
1918,M,56
1919,F,62
1920,M,73
1921,F,71
1922,F,51
1923,F,19
1924,F,30
1925,M,55
1926,M,43
1927,M,17
1928,F,45
1929,F,38
1930,M,43
1931,F,47
1932,F,56
1933,F,71
1934,M,72
1935,F,67
1936,F,81
1937,M,85
1938,M,81
1939,M,51
1940,F,23
1941,M,21
1942,F,23
1943,M,28
1944,M,27
1945,F,28
1946,M,46
1947,F,45
1948,F,49
1949,M,73
1950,M,21
1951,M,27
1952,M,20
1953,F,69
1954,F,76
1955,F,27
1956,M,26
1957,F,55
1958,M,43
1959,F,38
1960,M,77
1961,F,42
1962,F,69
1963,F,21
1964,F,74
1965,M,36
1966,F,27
1967,M,66
1968,M,56
1969,F,70
1970,M,71
1971,F,45
1972,M,22
1973,F,51
1974,F,32
1975,M,29
1976,F,71
1977,M,54
1978,M,29
1979,F,24
1980,M,25
1981,F,25
1982,M,63
1983,F,60
1984,M,81
1985,F,68
1986,M,64
1987,M,58
1988,F,55
1989,M,51
1990,F,52
1991,F,78
1992,M,76
1993,F,54
1994,F,49
1995,F,32
1996,F,75
1997,M,72
1998,M,62
1999,M,81
2000,F,85
2001,M,69
2002,M,54
2003,M,29
2004,F,39
2005,M,20
2006,F,29
2007,M,17
2008,F,50
2009,M,24
2010,F,24
2011,F,44
2012,M,37
2013,F,54
2014,F,24
2015,M,30
2016,F,78
2017,M,82
2018,F,59
2019,F,59
2020,F,37
2021,M,19
2022,F,67
2023,M,73
2024,M,48
2025,F,58
2026,M,51
2027,F,39
2028,F,31
2029,M,26
2030,F,36
2031,F,46
2032,F,76
2033,M,58
2034,F,54
2035,F,70
2036,F,50
2037,F,42
2038,M,41
2039,F,33
2040,M,54
2041,M,18
2042,F,69
2043,M,54
2044,F,79
2045,M,86
2046,M,81
2047,M,58
2048,F,54
2049,F,52
2050,M,18
2051,F,36
2052,M,28
2053,M,57
2054,M,41
2055,F,70
2056,F,48
2057,F,47
2058,F,57
2059,M,53
2060,F,57
2061,M,60
2062,F,60
2063,F,27
2064,M,31
2065,F,70
2066,M,68
2067,M,29
2068,F,42
2069,F,57
2070,M,66
2071,F,74
2072,F,37
2073,M,25
2074,F,20
2075,F,43
2076,M,47
2077,F,38
2078,F,57
2079,F,44
2080,F,37
2081,F,79
2082,M,88
2083,M,46
2084,M,70
2085,F,71
2086,M,60
2087,F,53
2088,M,47
2089,F,35
2090,F,38
2091,M,40
2092,F,72
2093,M,66
2094,F,79
2095,M,27
2096,M,31
2097,M,53
2098,M,74
2099,F,27
2100,M,25
2101,M,31
2102,F,35
2103,F,47
2104,M,54
2105,F,65
2106,F,56
2107,M,67
2108,F,39
2109,F,35
2110,M,24
2111,F,59
2112,M,55
2113,M,30
2114,F,28
2115,M,32
2116,F,35
2117,F,59
2118,F,21
2119,M,41
2120,F,45
2121,F,23
2122,F,67
2123,M,73
2124,F,23
2125,M,19
2126,F,46
2127,F,21
2128,M,24
2129,F,54
2130,F,61
2131,F,28
2132,M,34
2133,F,42
2134,F,72
2135,F,76
2136,M,25
2137,F,20
2138,M,20
2139,F,49
2140,F,37
2141,M,43
2142,M,65
2143,M,56
2144,M,22
2145,M,60
2146,F,33
2147,M,61
2148,F,36
2149,F,39
2150,M,35
2151,M,35
2152,F,34
2153,F,67
2154,M,20
2155,M,78
2156,M,46
2157,F,25
2158,F,21
2159,M,26
2160,M,38
2161,F,33
2162,M,20
2163,F,42
2164,M,45
2165,F,45
2166,M,42
2167,M,78
2168,M,30
2169,F,47
2170,F,60
2171,M,57
2172,M,34
2173,F,30
2174,F,59
2175,F,38
2176,M,39
2177,M,42
2178,F,60
2179,M,60
2180,F,50
2181,M,56
2182,M,76
2183,F,25
2184,F,23
2185,M,60
2186,F,64
2187,F,24
2188,M,19
2189,F,40
2190,M,36
2191,M,29
2192,M,23
2193,F,76
2194,F,29
2195,M,48
2196,F,31
2197,M,71
2198,F,57
2199,M,21
2200,F,44
2201,F,54
2202,M,80
2203,M,31
2204,M,26
2205,F,51
2206,F,42
2207,F,50
2208,M,50
2209,F,65
2210,M,77
2211,F,82
2212,F,42
2213,M,43
2214,M,46
2215,F,52
2216,M,51
2217,M,40
2218,F,75
2219,M,57
2220,F,52
2221,F,56
2222,M,66
2223,F,31
2224,M,32
2225,M,34
2226,F,22
2227,F,70
2228,M,32
2229,F,51
2230,M,69
2231,F,62
2232,F,53
2233,M,46
2234,M,31
2235,F,25
2236,M,52
2237,F,28
2238,F,46
2239,M,69
2240,F,68
2241,F,56
2242,M,59
2243,F,43
2244,F,43
2245,F,28
2246,M,45
2247,M,31
2248,F,34
2249,M,35
2250,M,49
2251,F,46
2252,F,35
2253,M,72
2254,F,68
2255,F,72
2256,F,52
2257,M,53
2258,M,66
2259,F,65
2260,F,54
2261,M,28
2262,M,75
2263,M,61
2264,M,57
2265,M,44
2266,F,23
2267,M,37
2268,M,46
2269,F,50
2270,M,81
2271,F,44
2272,F,56
2273,M,40
2274,F,51
2275,M,51
2276,F,36
2277,F,22
2278,M,24
2279,F,43
2280,M,24
2281,F,59
2282,M,35
2283,F,26
2284,M,31
2285,M,19
2286,M,38
2287,F,49
2288,M,42
2289,F,45
2290,F,61
2291,F,46
2292,F,45
2293,F,27
2294,M,29
2295,F,23
2296,M,42
2297,M,79
2298,F,22
2299,M,72
2300,F,65
2301,F,53
2302,M,26
2303,M,62
2304,M,33
2305,F,75
2306,M,35
2307,F,54
2308,F,56
2309,F,65
2310,M,63
2311,F,53
2312,M,55
2313,M,64
2314,M,71
2315,F,72
2316,M,50
2317,M,65
2318,M,30
2319,M,27
2320,F,28
2321,M,32
2322,F,24
2323,M,60
2324,F,47
2325,M,75
2326,F,59
2327,M,80
2328,F,76
2329,M,59
2330,F,67
2331,F,25
2332,F,36
2333,M,32
2334,M,65
2335,M,55
2336,M,54
2337,M,26
2338,F,53
2339,M,34
2340,F,42
2341,M,56
2342,F,57
2343,F,23
2344,F,23
2345,M,42
2346,F,17
2347,F,42
2348,M,47
2349,F,59
2350,F,40
2351,F,23
2352,M,51
2353,M,74
2354,F,70
2355,M,30
2356,M,66
2357,F,38
2358,F,32
2359,F,19
2360,F,24
2361,F,38
2362,F,60
2363,M,56
2364,M,37
2365,M,28
2366,F,60
2367,M,27
2368,F,37
2369,M,19
2370,M,55
2371,F,53
2372,F,59
2373,F,64
2374,F,22
2375,M,49
2376,F,39
2377,M,23
2378,F,47
2379,F,34
2380,M,28
2381,F,40
2382,F,24
2383,M,25
2384,M,58
2385,M,42
2386,M,41
2387,F,57
2388,M,75
2389,F,78
2390,F,29
2391,M,55
2392,F,52
2393,M,62
2394,F,62
2395,M,40
2396,F,47
2397,M,35
2398,F,52
2399,M,22
2400,M,60
2401,M,49
2402,F,45
2403,M,62
2404,F,70
2405,M,56
2406,M,54
2407,M,38
2408,M,42
2409,M,19
2410,F,27
2411,M,18
2412,M,55
2413,F,47
2414,F,46
2415,F,38
2416,F,46
2417,M,46
2418,F,76
2419,F,23
2420,F,60
2421,F,35
2422,M,23
2423,M,58
2424,M,36
2425,F,48
2426,M,42
2427,M,40
2428,F,34
2429,F,25
2430,M,54
2431,M,47
2432,M,28
2433,M,53
2434,F,36
2435,M,56
2436,F,61
2437,M,51
2438,F,52
2439,F,20
2440,M,46
2441,F,34
2442,F,67
2443,F,20
2444,M,81
2445,M,45
2446,F,64
2447,M,64
2448,F,46
2449,M,61
2450,M,62
2451,F,55
2452,F,28
2453,M,33
2454,F,26
2455,M,41
2456,M,36
2457,F,35
2458,M,39
2459,F,19
2460,M,22
2461,M,36
2462,M,38
2463,F,30
2464,M,34
2465,M,53
2466,F,76
2467,M,38
2468,F,33
2469,F,27
2470,M,73
2471,F,74
2472,M,56
2473,M,56
2474,F,56
2475,M,22
2476,F,19
2477,M,61
2478,M,24
2479,M,22
2480,M,53
2481,F,54
2482,M,29
2483,F,37
2484,M,57
2485,F,30
2486,M,31
2487,M,43
2488,M,26
2489,F,34
2490,M,27
2491,M,59
2492,F,68
2493,M,68
2494,F,62
2495,M,29
2496,F,36
2497,F,32
2498,F,33
2499,M,81
2500,M,64
2501,M,57
2502,F,49
2503,M,48
2504,M,26
2505,F,53
2506,F,35
2507,M,79
2508,F,62
2509,M,59
2510,F,65
2511,M,24
2512,F,30
2513,F,50
2514,M,49
2515,F,60
2516,M,36
2517,M,44
2518,M,51
2519,M,66
2520,M,58
2521,F,38
2522,M,21
2523,M,23
2524,F,64
2525,M,27
2526,F,24
2527,M,72
2528,M,63
2529,F,27
2530,F,59
2531,M,40
2532,F,47
2533,M,75
2534,M,38
2535,M,77
2536,F,81
2537,M,61
2538,F,54
2539,F,28
2540,M,24
2541,F,70
2542,F,46
2543,F,30
2544,F,48
2545,M,50
2546,F,32
2547,M,76
2548,F,28
2549,M,35
2550,M,74
2551,F,23
2552,F,72
2553,M,70
2554,M,52
2555,F,51
2556,F,29
2557,M,22
2558,M,54
2559,M,47
2560,M,80
2561,F,26
2562,F,50
2563,M,75
2564,M,32
2565,M,30
2566,M,41
2567,M,53
2568,M,43
2569,M,37
2570,F,29
2571,M,42
2572,F,30
2573,M,69
2574,F,67
2575,F,35
2576,F,50
2577,F,49
2578,M,24
2579,F,26
2580,M,31
2581,M,77
2582,M,33
2583,M,52
2584,M,72
2585,F,46
2586,F,72
2587,M,65
2588,M,71
2589,F,41
2590,M,48
2591,M,49
2592,F,32
2593,F,69
2594,F,51
2595,F,60
2596,M,56
2597,F,60
2598,M,28
2599,M,63
2600,F,63
2601,F,78
2602,M,86
2603,F,42
2604,M,28
2605,F,21
2606,F,29
2607,F,80
2608,M,53
2609,M,25
2610,F,24
2611,F,22
2612,F,46
2613,F,18
2614,M,40
2615,F,45
2616,M,35
2617,M,62
2618,M,45
2619,M,79
2620,F,76
2621,F,80
2622,M,78
2623,F,21
2624,F,65
2625,F,29
2626,M,35
2627,M,51
2628,F,52
2629,F,39
2630,M,59
2631,M,59
2632,F,41
2633,M,37
2634,M,48
2635,F,23
2636,F,48
2637,F,48
2638,M,24
2639,M,78
2640,M,34
2641,F,31
2642,M,25
2643,M,49
2644,M,68
2645,F,38
2646,M,50
2647,M,80
2648,F,33
2649,M,68
2650,F,63
2651,M,35
2652,F,44
2653,F,25
2654,M,20
2655,M,28
2656,F,53
2657,F,29
2658,M,58
2659,F,26
2660,M,69
2661,F,61
2662,F,22
2663,M,36
2664,M,19
2665,M,33
2666,F,19
2667,M,41
2668,F,53
2669,M,58
2670,M,41
2671,M,64
2672,M,76
2673,F,50
2674,F,60
2675,M,25
2676,F,19
2677,M,72
2678,F,76
2679,M,50
2680,M,33
2681,F,80
2682,M,72
2683,M,34
2684,F,71
2685,M,65
2686,F,26
2687,M,41
2688,F,33
2689,M,37
2690,M,47
2691,F,30
2692,F,57
2693,M,60
2694,M,71
2695,M,29
2696,M,60
2697,F,57
2698,F,43
2699,M,50
2700,F,42
2701,M,76
2702,M,72
2703,F,73
2704,F,71
2705,M,41
2706,F,35
2707,M,31
2708,F,47
2709,M,51
2710,F,50
2711,F,39
2712,M,66
2713,M,24
2714,M,40
2715,F,32
2716,F,66
2717,F,24
2718,M,27
2719,M,63
2720,M,22
2721,M,67
2722,M,52
2723,M,22
2724,M,47
2725,F,32
2726,M,68
2727,M,46
2728,F,41
2729,F,34
2730,M,41
2731,F,38
2732,F,21
2733,M,56
2734,M,48
2735,F,42
2736,F,58
2737,F,72
2738,F,51
2739,F,22
2740,F,24
2741,M,74
2742,F,79
2743,M,81
2744,M,76
2745,F,60
2746,F,40
2747,M,40
2748,F,53
2749,M,48
2750,M,65
2751,F,67
2752,M,28
2753,M,63
2754,M,63
2755,M,67
2756,F,74
2757,M,37
2758,F,45
2759,M,27
2760,M,59
2761,M,32
2762,F,29
2763,F,37
2764,F,23
2765,M,59
2766,F,22
2767,F,58
2768,M,52
2769,M,65
2770,F,70
2771,M,67
2772,M,41
2773,M,58
2774,F,59
2775,M,57
2776,F,51
2777,F,55
2778,F,54
2779,M,50
2780,F,78
2781,M,81
2782,M,34
2783,M,48
2784,F,33
2785,F,19
2786,F,56
2787,M,78
2788,F,73
2789,F,42
2790,M,21
2791,M,56
2792,M,55
2793,F,49
2794,F,21
2795,M,63
2796,F,40
2797,M,47
2798,M,60
2799,M,21
2800,M,24
2801,M,42
2802,M,71
2803,F,66
2804,M,61
2805,F,60
2806,M,21
2807,F,81
2808,M,44
2809,F,38
2810,M,37
2811,M,76
2812,F,77
2813,F,22
2814,M,23
2815,F,48
2816,F,56
2817,F,77
2818,M,36
2819,F,51
2820,F,38
2821,M,25
2822,F,50
2823,F,26
2824,M,32
2825,F,36
2826,M,39
2827,M,47
2828,F,53
2829,M,38
2830,F,50
2831,F,61
2832,M,58
2833,M,33
2834,M,36
2835,F,58
2836,M,34
2837,F,58
2838,M,38
2839,F,20
2840,F,71
2841,M,41
2842,F,44
2843,F,26
2844,M,28
2845,M,68
2846,F,26
2847,M,35
2848,M,80
2849,F,42
2850,M,39
2851,M,44
2852,F,44
2853,F,49
2854,M,46
2855,M,47
2856,M,22
2857,M,58
2858,M,21
2859,M,30
2860,F,57
2861,M,38
2862,F,45
2863,M,40
2864,M,70
2865,F,67
2866,M,52
2867,M,40
2868,F,67
2869,M,29
2870,F,23
2871,F,34
2872,M,40
2873,M,35
2874,F,58
2875,M,57
2876,F,53
2877,F,30
2878,F,72
2879,F,31
2880,F,48
2881,M,54
2882,F,49
2883,F,74
2884,M,24
2885,F,76
2886,M,32
2887,F,32
2888,M,71
2889,M,41
2890,M,68
2891,F,40
2892,M,37
2893,F,56
2894,M,22
2895,M,39
2896,F,34
2897,F,69
2898,M,28
2899,M,69
2900,F,78
2901,F,17
2902,F,47
2903,M,45
2904,M,56
2905,M,79
2906,F,32
2907,M,63
2908,F,62
2909,M,41
2910,M,58
2911,F,37
2912,F,65
2913,M,67
2914,M,56
2915,F,48
2916,M,54
2917,F,20
2918,M,28
2919,F,48
2920,F,53
2921,M,51
2922,F,40
2923,M,49
2924,M,25
2925,M,31
2926,F,33
2927,F,32
2928,M,33
2929,M,49
2930,M,46
2931,M,17
2932,M,51
2933,M,61
2934,M,34
2935,M,68
2936,M,58
2937,F,20
2938,F,26
2939,F,17
2940,M,52
2941,F,71
2942,M,39
2943,F,37
2944,F,67
2945,M,68
2946,F,75
2947,M,60
2948,F,28
2949,M,28
2950,M,38
2951,M,48
2952,F,58
2953,M,59
2954,F,63
2955,M,35
2956,F,43
2957,M,40
2958,M,20
2959,F,41
2960,F,77
2961,M,61
2962,F,79
2963,F,55
2964,F,53
2965,F,44
2966,F,64
2967,F,24
2968,F,26
2969,M,61
2970,M,30
2971,M,36
2972,M,52
2973,F,56
2974,F,43
2975,M,40
2976,F,74
2977,M,80
2978,F,55
2979,M,80
2980,F,78
2981,M,51
2982,F,35
2983,M,57
2984,F,64
2985,F,67
2986,F,48
2987,M,63
2988,M,75
2989,F,73
2990,F,26
2991,F,45
2992,F,57
2993,F,59
2994,M,69
2995,M,48
2996,M,19
2997,M,39
2998,F,35
2999,M,37
3000,F,23
3001,M,44
3002,F,56
3003,M,78
3004,F,75
3005,M,48
3006,F,53
3007,M,47
3008,F,49
3009,M,62
3010,M,61
3011,F,30
3012,F,51
3013,M,55
3014,M,56
3015,F,74
3016,M,19
3017,F,40
3018,F,27
3019,F,44
3020,M,47
3021,F,23
3022,F,79
3023,F,24
3024,M,60
3025,F,49
3026,F,24
3027,F,28
3028,F,21
3029,M,41
3030,F,46
3031,F,42
3032,M,45
3033,F,46
3034,M,77
3035,F,40
3036,M,43
3037,F,78
3038,M,78
3039,F,74
3040,M,52
3041,F,60
3042,M,36
3043,F,32
3044,M,58
3045,M,77
3046,F,63
3047,M,40
3048,M,22
3049,M,34
3050,F,40
3051,M,42
3052,F,46
3053,M,22
3054,M,42
3055,M,48
3056,F,49
3057,M,42
3058,M,20
3059,F,17
3060,M,38
3061,M,23
3062,M,19
3063,F,80
3064,F,49
3065,F,39
3066,F,18
3067,F,62
3068,M,65
3069,F,62
3070,F,79
3071,M,66
3072,M,47
3073,M,68
3074,F,41
3075,F,70
3076,M,40
3077,F,37
3078,F,37
3079,M,38
3080,M,53
3081,M,69
3082,F,29
3083,M,23
3084,F,21
3085,F,39
3086,M,49
3087,F,57
3088,M,49
3089,F,58
3090,F,49
3091,F,36
3092,M,39
3093,M,48
3094,F,43
3095,M,25
3096,M,59
3097,F,57
3098,F,79
3099,M,81
3100,M,70
3101,F,75
3102,M,19
3103,M,33
3104,F,37
3105,F,45
3106,M,41
3107,M,49
3108,M,18
3109,M,66
3110,M,63
3111,F,56
3112,F,27
3113,M,21
3114,M,73
3115,F,22
3116,F,30
3117,M,52
3118,M,59
3119,F,46
3120,M,42
3121,F,33
3122,M,30
3123,M,31
3124,F,57
3125,F,38
3126,M,49
3127,F,35
3128,M,34
3129,M,60
3130,F,28
3131,M,51
3132,F,20
3133,M,51
3134,F,57
3135,M,45
3136,M,45
3137,F,28
3138,F,53
3139,F,68
3140,M,65
3141,F,52
3142,M,49
3143,F,20
3144,M,27
3145,F,30
3146,M,51
3147,F,18
3148,F,28
3149,M,36
3150,F,47
3151,F,62
3152,M,33
3153,M,38
3154,F,44
3155,F,29
3156,F,30
3157,F,50
3158,M,32
3159,M,32
3160,F,48
3161,M,47
3162,F,57
3163,F,23
3164,M,23
3165,F,31
3166,M,26
3167,M,38
3168,F,58
3169,M,58
3170,M,63
3171,F,21
3172,M,36
3173,M,49
3174,F,57
3175,M,80
3176,F,80
3177,F,56
3178,M,46
3179,M,25
3180,F,45
3181,M,24
3182,M,54
3183,F,23
3184,F,69
3185,F,33
3186,F,40
3187,M,47
3188,F,47
3189,M,47
3190,M,80
3191,F,80
3192,M,29
3193,M,47
3194,F,39
3195,M,45
3196,F,54
3197,M,61
3198,M,42
3199,F,50
3200,F,21
3201,F,34
3202,M,45
3203,F,43
3204,F,57
3205,F,75
3206,F,59
3207,M,56
3208,F,34
3209,F,32
3210,F,27
3211,M,28
3212,F,24
3213,F,45
3214,F,19
3215,M,37
3216,F,22
3217,F,25
3218,M,30
3219,M,67
3220,F,47
3221,M,42
3222,F,59
3223,M,50
3224,F,52
3225,F,26
3226,M,26
3227,M,80
3228,M,34
3229,M,24
3230,F,30
3231,F,52
3232,F,26
3233,M,21
3234,F,14
3235,F,36
3236,M,20
3237,M,52
3238,F,48
3239,F,28
3240,M,81
3241,M,29
3242,M,21
3243,M,19
3244,F,12
3245,M,58
3246,M,48
3247,F,20
3248,M,26
3249,M,37
3250,F,43
3251,F,54
3252,M,41
3253,F,40
3254,M,57
3255,M,32
3256,F,61
3257,M,41
3258,F,65
3259,M,22
3260,F,20
3261,M,42
3262,F,50
3263,M,45
3264,M,71
3265,M,23
3266,M,25
3267,F,24
3268,M,49
3269,F,50
3270,M,42
3271,F,54
3272,F,76
3273,M,46
3274,F,35
3275,M,34
3276,M,41
3277,F,34
3278,F,20
3279,M,46
3280,M,57
3281,F,63
3282,M,60
3283,F,66
3284,F,24
3285,F,62
3286,F,47
3287,F,53
3288,M,51
3289,F,45
3290,M,42
3291,F,31
3292,M,34
3293,M,73
3294,F,66
3295,F,48
3296,M,42
3297,F,58
3298,M,59
3299,M,27
3300,M,77
3301,M,37
3302,M,40
3303,M,44
3304,M,33
3305,M,79
3306,F,77
3307,F,29
3308,F,34
3309,M,30
3310,F,58
3311,M,50
3312,F,29
3313,M,61
3314,M,30
3315,M,39
3316,M,35
3317,M,47
3318,F,46
3319,M,47
3320,M,22
3321,F,38
3322,F,53
3323,M,29
3324,F,34
3325,M,60
3326,M,36
3327,M,53
3328,M,77
3329,F,81
3330,F,24
3331,F,28
3332,F,46
3333,F,44
3334,M,50
3335,F,71
3336,M,35
3337,M,36
3338,M,35
3339,F,54
3340,M,25
3341,F,22
3342,M,21
3343,F,29
3344,M,26
3345,F,28
3346,M,79
3347,M,64
3348,F,36
3349,F,28
3350,M,26
3351,M,77
3352,M,53
3353,F,55
3354,M,79
3355,M,63
3356,F,65
3357,M,60
3358,F,58
3359,F,38
3360,M,33
3361,M,28
3362,F,75
3363,M,24
3364,F,62
3365,F,30
3366,M,59
3367,F,34
3368,M,31
3369,M,72
3370,F,71
3371,F,71
3372,F,60
3373,M,55
3374,M,68
3375,F,73
3376,M,51
3377,M,37
3378,F,67
3379,M,51
3380,M,58
3381,M,66
3382,F,54
3383,M,29
3384,F,71
3385,F,27
3386,F,53
3387,F,62
3388,F,60
3389,F,57
3390,M,72
3391,F,69
3392,F,70
3393,M,32
3394,M,44
3395,F,57
3396,M,58
3397,F,31
3398,M,56
3399,F,60
3400,F,46
3401,F,38
3402,F,23
3403,M,69
3404,F,74
3405,F,38
3406,M,34
3407,M,24
3408,F,66
3409,M,76
3410,F,68
3411,F,56
3412,M,61
3413,F,59
3414,M,45
3415,M,65
3416,M,41
3417,F,53
3418,M,52
3419,F,44
3420,M,80
3421,F,27
3422,F,37
3423,M,30
3424,F,28
3425,M,25
3426,F,35
3427,F,45
3428,M,46
3429,M,44
3430,M,62
3431,M,60
3432,F,61
3433,F,34
3434,F,17
3435,F,18
3436,F,72
3437,M,52
3438,F,76
3439,M,78
3440,F,56
3441,M,66
3442,M,76
3443,F,78
3444,M,21
3445,M,40
3446,F,56
3447,M,71
3448,M,21
3449,F,20
3450,M,38
3451,M,19
3452,M,48
3453,M,24
3454,F,56
3455,M,51
3456,M,19
3457,F,40
3458,M,81
3459,M,81
3460,M,79
3461,F,82
3462,F,75
3463,M,31
3464,F,74
3465,M,78
3466,M,75
3467,F,69
3468,M,25
3469,M,67
3470,M,68
3471,F,52
3472,M,48
3473,M,28
3474,F,27
3475,M,37
3476,F,19
3477,M,56
3478,F,51
3479,F,48
3480,F,19
3481,M,47
3482,F,34
3483,M,39
3484,F,65
3485,M,68
3486,F,76
3487,M,78
3488,F,75
3489,F,22
3490,F,38
3491,M,25
3492,F,37
3493,M,27
3494,F,24
3495,F,20
3496,M,39
3497,M,34
3498,M,77
3499,F,79
3500,M,65
3501,F,60
3502,F,45
3503,M,28
3504,M,31
3505,F,23
3506,F,45
3507,M,47
3508,M,68
3509,M,37
3510,F,34
3511,M,58
3512,F,41
3513,M,44
3514,M,71
3515,M,31
3516,F,30
3517,F,55
3518,F,46
3519,M,46
3520,M,74
3521,F,70
3522,M,69
3523,F,63
3524,F,45
3525,F,43
3526,M,31
3527,F,74
3528,M,29
3529,M,63
3530,F,58
3531,F,54
3532,M,53
3533,F,53
3534,M,56
3535,M,61
3536,F,67
3537,M,51
3538,F,21
3539,F,43
3540,M,70
3541,M,63
3542,F,38
3543,M,41
3544,F,28
3545,M,24
3546,M,35
3547,F,69
3548,F,56
3549,M,61
3550,M,33
3551,F,38
3552,F,40
3553,F,52
3554,F,48
3555,F,28
3556,M,77
3557,F,36
3558,M,38
3559,M,44
3560,M,24
3561,F,40
3562,F,22
3563,M,21
3564,F,43
3565,F,19
3566,M,63
3567,F,55
3568,M,42
3569,F,74
3570,M,57
3571,F,63
3572,F,35
3573,M,77
3574,M,71
3575,M,21
3576,F,24
3577,M,50
3578,M,22
3579,F,24
3580,M,19
3581,F,31
3582,M,25
3583,F,79
3584,M,79
3585,F,21
3586,F,44
3587,M,35
3588,M,63
3589,M,60
3590,M,27
3591,F,48
3592,F,23
3593,M,17
3594,M,46
3595,F,48
3596,F,45
3597,M,70
3598,F,45
3599,M,51
3600,M,74
3601,M,69
3602,F,66
3603,M,57
3604,F,32
3605,F,52
3606,M,56
3607,M,47
3608,M,32
3609,F,21
3610,M,54
3611,F,30
3612,M,33
3613,F,62
3614,M,57
3615,F,63
3616,M,60
3617,M,46
3618,M,43
3619,M,28
3620,F,34
3621,M,78
3622,F,76
3623,M,27
3624,F,31
3625,M,81
3626,F,74
3627,M,64
3628,F,23
3629,F,68
3630,M,51
3631,F,78
3632,M,70
3633,F,62
3634,F,66
3635,M,80
3636,M,23
3637,F,57
3638,F,36
3639,M,40
3640,F,19
3641,F,40
3642,F,61
3643,F,67
3644,F,42
3645,M,38
3646,F,47
3647,F,19
3648,M,40
3649,M,60
3650,F,55
3651,F,47
3652,F,51
3653,M,58
3654,M,61
3655,F,48
3656,F,52
3657,F,60
3658,M,68
3659,M,22
3660,F,22
3661,M,37
3662,F,53
3663,F,28
3664,M,20
3665,M,69
3666,F,39
3667,F,57
3668,F,69
3669,M,76
3670,F,43
3671,F,38
3672,F,52
3673,M,57
3674,M,34
3675,M,36
3676,F,59
3677,F,34
3678,M,79
3679,F,83
3680,M,41
3681,M,41
3682,M,20
3683,M,30
3684,M,58
3685,F,54
3686,M,76
3687,F,48
3688,F,51
3689,F,80
3690,M,56
3691,F,48
3692,F,50
3693,F,51
3694,F,60
3695,M,64
3696,M,63
3697,F,45
3698,M,70
3699,F,76
3700,F,80
3701,F,47
3702,F,54
3703,M,48
3704,F,79
3705,M,22
3706,F,29
3707,M,32
3708,M,25
3709,M,57
3710,F,74
3711,F,41
3712,F,71
3713,M,64
3714,M,28
3715,F,63
3716,M,27
3717,F,51
3718,F,71
3719,M,42
3720,M,78
3721,F,78
3722,M,60
3723,F,53
3724,M,31
3725,M,60
3726,F,37
3727,M,36
3728,M,19
3729,M,46
3730,M,47
3731,M,54
3732,M,63
3733,F,68
3734,M,24
3735,M,32
3736,F,20
3737,M,25
3738,M,75
3739,F,79
3740,F,34
3741,F,74
3742,M,42
3743,F,39
3744,F,24
3745,M,28
3746,F,53
3747,F,29
3748,M,35
3749,F,56
3750,M,47
3751,M,25
3752,M,57
3753,M,36
3754,F,30
3755,F,39
3756,M,44
3757,F,48
3758,F,19
3759,M,33
3760,M,69
3761,F,17
3762,M,61
3763,F,45
3764,M,32
3765,M,24
3766,M,29
3767,F,71
3768,M,46
3769,M,20
3770,F,80
3771,F,73
3772,F,35
3773,F,20
3774,M,39
3775,F,25
3776,M,19
3777,M,26
3778,M,32
3779,F,51
3780,F,19
3781,F,34
3782,F,51
3783,F,52
3784,F,72
3785,F,49
3786,F,23
3787,M,42
3788,M,43
3789,F,79
3790,M,50
3791,F,42
3792,F,21
3793,M,51
3794,F,48
3795,M,33
3796,F,51
3797,F,42
3798,F,43
3799,F,48
3800,M,19
3801,F,27
3802,F,28
3803,M,35
3804,F,19
3805,M,54
3806,F,46
3807,M,51
3808,M,73
3809,F,74
3810,M,35
3811,F,28
3812,F,54
3813,F,34
3814,M,29
3815,M,32
3816,F,23
3817,M,24
3818,F,35
3819,M,74
3820,M,62
3821,F,69
3822,F,23
3823,F,33
3824,F,38
3825,M,45
3826,M,60
3827,F,46
3828,F,69
3829,F,55
3830,M,62
3831,M,76
3832,M,54
3833,M,51
3834,M,50
3835,F,49
3836,F,70
3837,F,40
3838,F,46
3839,F,47
3840,F,77
3841,M,75
3842,F,45
3843,M,21
3844,M,49
3845,F,33
3846,M,27
3847,M,57
3848,F,63
3849,F,40
3850,M,75
3851,M,40
3852,F,40
3853,F,57
3854,M,58
3855,M,44
3856,F,41
3857,F,55
3858,M,30
3859,F,44
3860,M,48
3861,M,44
3862,F,56
3863,M,21
3864,F,38
3865,F,31
3866,M,42
3867,F,47
3868,F,58
3869,F,53
3870,F,51
3871,M,52
3872,M,28
3873,F,17
3874,F,66
3875,M,53
3876,M,20
3877,M,25
3878,F,19
3879,M,61
3880,F,54
3881,M,44
3882,F,29
3883,F,30
3884,M,34
3885,M,80
3886,F,19
3887,M,63
3888,M,45
3889,F,73
3890,M,46
3891,M,25
3892,F,52
3893,M,35
3894,M,56
3895,M,63
3896,F,81
3897,M,21
3898,F,37
3899,M,38
3900,M,76
3901,M,30
3902,F,33
3903,F,36
3904,F,77
3905,M,24
3906,F,29
3907,F,47
3908,M,23
3909,M,37
3910,F,34
3911,F,45
3912,M,40
3913,M,50
3914,F,31
3915,M,30
3916,M,36
3917,M,29
3918,M,39
3919,M,44
3920,F,44
3921,F,77
3922,F,44
3923,M,27
3924,F,31
3925,M,20
3926,F,22
3927,F,73
3928,M,72
3929,M,43
3930,F,46
3931,M,76
3932,F,37
3933,M,27
3934,F,79
3935,M,86
3936,F,30
3937,F,27
3938,M,48
3939,F,75
3940,M,44
3941,M,52
3942,F,50
3943,F,19
3944,M,16
3945,M,19
3946,F,54
3947,F,21
3948,M,72
3949,F,34
3950,M,77
3951,M,64
3952,M,73
3953,M,79
3954,M,67
3955,F,35
3956,M,58
3957,F,59
3958,F,24
3959,F,35
3960,M,21
3961,F,32
3962,M,23
3963,M,58
3964,M,57
3965,F,42
3966,M,68
3967,F,62
3968,F,59
3969,M,54
3970,F,48
3971,F,45
3972,M,38
3973,M,22
3974,F,29
3975,F,32
3976,M,39
3977,M,64
3978,M,57
3979,M,61
3980,F,66
3981,M,20
3982,F,26
3983,M,54
3984,F,74
3985,M,78
3986,F,47
3987,F,48
3988,F,60
3989,F,55
3990,M,36
3991,F,58
3992,M,71
3993,M,29
3994,F,22
3995,M,22
3996,M,42
3997,F,36
3998,M,38
3999,F,38
4000,F,40
4001,M,28
4002,M,61
4003,F,27
4004,F,24
4005,F,37
4006,F,76
4007,F,28
4008,M,79
4009,F,39
4010,F,49
4011,M,45
4012,M,41
4013,F,77
4014,M,80
4015,F,19
4016,F,24
4017,F,24
4018,M,22
4019,F,38
4020,M,39
4021,F,46
4022,F,63
4023,M,27
4024,F,74
4025,M,42
4026,F,31
4027,F,33
4028,F,50
4029,M,32
4030,F,75
4031,F,74
4032,F,27
4033,F,28
4034,M,21
4035,F,25
4036,F,63
4037,M,71
4038,F,44
4039,F,27
4040,M,35
4041,F,21
4042,F,23
4043,F,62
4044,F,42
4045,F,26
4046,M,20
4047,M,50
4048,M,50
4049,F,55
4050,M,68
4051,M,67
4052,M,75
4053,M,53
4054,F,54
4055,F,34
4056,F,46
4057,F,53
4058,M,18
4059,M,52
4060,F,48
4061,M,47
4062,F,40
4063,M,43
4064,M,39
4065,M,74
4066,F,71
4067,M,79
4068,F,22
4069,F,22
4070,F,43
4071,F,55
4072,F,21
4073,F,54
4074,F,60
4075,M,59
4076,M,22
4077,F,29
4078,F,20
4079,F,74
4080,M,18
4081,F,20
4082,F,31
4083,F,74
4084,F,40
4085,F,56
4086,F,21
4087,F,57
4088,M,53
4089,F,41
4090,F,26
4091,M,29
4092,M,75
4093,F,81
4094,M,52
4095,M,69
4096,F,62
4097,F,23
4098,F,52
4099,M,78
4100,M,40
4101,M,63
4102,M,41
4103,F,45
4104,F,75
4105,F,30
4106,M,33
4107,M,55
4108,F,22
4109,F,50
4110,M,35
4111,F,81
4112,F,70
4113,M,74
4114,F,25
4115,F,26
4116,F,73
4117,F,21
4118,F,40
4119,M,33
4120,M,28
4121,F,20
4122,M,13
4123,F,61
4124,M,57
4125,M,49
4126,F,34
4127,M,44
4128,M,56
4129,F,48
4130,M,22
4131,M,38
4132,M,17
4133,F,22
4134,M,34
4135,M,60
4136,M,31
4137,M,66
4138,M,48
4139,M,45
4140,M,21
4141,M,68
4142,M,40
4143,M,19
4144,M,36
4145,F,26
4146,F,27
4147,F,54
4148,M,53
4149,F,63
4150,F,73
4151,F,27
4152,F,58
4153,F,24
4154,F,41
4155,F,25
4156,M,26
4157,M,41
4158,F,32
4159,F,40
4160,M,31
4161,M,70
4162,F,61
4163,F,48
4164,F,40
4165,M,45
4166,M,24
4167,M,76
4168,F,71
4169,F,23
4170,M,49
4171,F,47
4172,M,22
4173,M,66
4174,M,22
4175,M,29
4176,M,23
4177,M,29
4178,M,42
4179,F,55
4180,F,56
4181,M,81
4182,M,66
4183,F,63
4184,F,30
4185,M,59
4186,M,45
4187,M,54
4188,F,61
4189,M,69
4190,F,35
4191,M,31
4192,M,35
4193,F,34
4194,M,79
4195,F,38
4196,M,42
4197,M,24
4198,M,51
4199,F,56
4200,F,78
4201,M,30
4202,F,35
4203,F,49
4204,M,42
4205,F,57
4206,M,50
4207,F,50
4208,F,72
4209,F,75
4210,F,23
4211,M,23
4212,M,23
4213,M,63
4214,M,56
4215,F,49
4216,F,37
4217,M,42
4218,F,42
4219,M,22
4220,M,76
4221,M,35
4222,M,62
4223,F,77
4224,F,55
4225,M,55
4226,F,26
4227,F,24
4228,M,34
4229,M,55
4230,F,35
4231,M,72
4232,M,42
4233,F,47
4234,F,41
4235,M,36
4236,M,24
4237,M,20
4238,F,33
4239,M,44
4240,M,80
4241,F,85
4242,M,25
4243,F,28
4244,M,51
4245,F,43
4246,F,22
4247,F,34
4248,M,52
4249,M,47
4250,M,20
4251,M,28
4252,F,35
4253,M,68
4254,F,70
4255,M,75
4256,F,52
4257,M,67
4258,F,71
4259,F,34
4260,M,33
4261,F,45
4262,M,29
4263,M,78
4264,F,79
4265,F,61
4266,F,54
4267,M,36
4268,M,59
4269,F,79
4270,F,38
4271,F,47
4272,F,48
4273,F,42
4274,M,56
4275,F,49
4276,M,47
4277,M,42
4278,F,35
4279,F,29
4280,F,36
4281,M,77
4282,M,23
4283,F,15
4284,F,35
4285,M,46
4286,M,19
4287,M,45
4288,F,68
4289,M,52
4290,M,57
4291,M,63
4292,F,28
4293,M,45
4294,M,58
4295,F,44
4296,F,63
4297,F,48
4298,F,56
4299,M,41
4300,F,79
4301,F,57
4302,M,75
4303,F,80
4304,F,54
4305,M,62
4306,M,39
4307,M,29
4308,F,67
4309,M,71
4310,F,41
4311,M,36
4312,F,31
4313,M,34
4314,F,28
4315,M,24
4316,M,51
4317,M,62
4318,M,17
4319,F,28
4320,F,60
4321,M,32
4322,F,63
4323,F,44
4324,F,33
4325,F,35
4326,M,41
4327,F,50
4328,M,23
4329,F,60
4330,F,55
4331,F,43
4332,M,81
4333,F,58
4334,F,50
4335,F,51
4336,M,48
4337,F,21
4338,F,23
4339,F,23
4340,M,63
4341,M,66
4342,F,44
4343,M,67
4344,M,59
4345,F,59
4346,F,26
4347,F,47
4348,F,58
4349,M,52
4350,M,32
4351,M,64
4352,F,65
4353,F,53
4354,M,31
4355,F,19
4356,M,62
4357,F,23
4358,M,54
4359,F,23
4360,F,33
4361,F,46
4362,F,39
4363,M,48
4364,M,22
4365,F,27
4366,F,58
4367,F,59
4368,M,53
4369,F,27
4370,M,32
4371,F,33
4372,M,32
4373,F,52
4374,M,57
4375,F,61
4376,M,76
4377,F,84
4378,F,66
4379,M,71
4380,F,19
4381,F,59
4382,M,63
4383,M,22
4384,M,30
4385,F,31
4386,M,19
4387,F,43
4388,M,41
4389,F,39
4390,F,30
4391,M,68
4392,M,21
4393,M,35
4394,F,71
4395,F,34
4396,M,20
4397,M,37
4398,F,53
4399,F,49
4400,M,52
4401,M,57
4402,M,58
4403,M,64
4404,F,40
4405,F,24
4406,F,55
4407,F,72
4408,M,57
4409,M,78
4410,F,73
4411,M,71
4412,M,58
4413,F,61
4414,F,31
4415,M,27
4416,M,50
4417,M,47
4418,F,21
4419,M,24
4420,F,78
4421,M,31
4422,M,51
4423,F,20
4424,F,50
4425,M,46
4426,M,43
4427,F,46
4428,M,35
4429,M,55
4430,F,52
4431,M,59
4432,M,36
4433,F,37
4434,M,35
4435,F,44
4436,M,56
4437,F,56
4438,M,74
4439,F,66
4440,F,42
4441,M,36
4442,F,36
4443,F,62
4444,M,58
4445,F,44
4446,M,44
4447,F,56
4448,M,59
4449,M,49
4450,M,21
4451,F,38
4452,M,44
4453,F,39
4454,F,81
4455,M,88
4456,F,23
4457,F,66
4458,M,55
4459,M,67
4460,M,62
4461,F,53
4462,F,43
4463,M,27
4464,F,58
4465,F,26
4466,M,54
4467,F,47
4468,F,29
4469,M,29
4470,M,54
4471,M,79
4472,F,26
4473,M,81
4474,M,44
4475,M,74
4476,F,77
4477,F,56
4478,F,18
4479,F,39
4480,M,22
4481,F,70
4482,F,50
4483,M,43
4484,M,70
4485,F,51
4486,F,58
4487,F,77
4488,M,71
4489,F,51
4490,M,37
4491,M,26
4492,M,60
4493,F,65
4494,F,60
4495,F,45
4496,F,49
4497,M,54
4498,F,26
4499,M,19
4500,M,64
4501,F,65
4502,F,28
4503,F,55
4504,M,20
4505,M,64
4506,M,32
4507,F,81
4508,F,39
4509,F,76
4510,M,75
4511,F,38
4512,F,49
4513,F,47
4514,M,48
4515,F,51
4516,M,25
4517,F,70
4518,M,77
4519,M,21
4520,F,27
4521,F,33
4522,M,33
4523,F,21
4524,F,79
4525,M,78
4526,M,61
4527,M,37
4528,F,19
4529,F,59
4530,M,53
4531,M,63
4532,F,42
4533,F,53
4534,F,54
4535,F,74
4536,M,71
4537,F,59
4538,F,37
4539,F,53
4540,M,46
4541,M,21
4542,M,28
4543,M,54
4544,F,69
4545,F,64
4546,F,55
4547,M,51
4548,F,18
4549,M,69
4550,F,64
4551,F,28
4552,M,74
4553,M,31
4554,M,37
4555,M,29
4556,F,25
4557,M,30
4558,M,67
4559,M,35
4560,F,30
4561,F,60
4562,M,54
4563,M,17
4564,M,59
4565,F,22
4566,M,41
4567,F,42
4568,F,28
4569,M,47
4570,F,32
4571,M,60
4572,F,22
4573,F,56
4574,F,25
4575,M,42
4576,M,21
4577,M,20
4578,M,30
4579,F,49
4580,F,38
4581,F,23
4582,M,25
4583,M,36
4584,M,60
4585,M,31
4586,F,48
4587,M,37
4588,M,48
4589,F,44
4590,M,23
4591,M,56
4592,M,18
4593,F,39
4594,F,20
4595,M,40
4596,M,17
4597,M,17
4598,M,53
4599,M,20
4600,M,17
4601,M,61
4602,F,31
4603,F,22
4604,F,37
4605,M,38
4606,M,18
4607,M,62
4608,M,64
4609,F,27
4610,F,26
4611,M,21
4612,F,22
4613,F,49
4614,F,27
4615,M,19
4616,F,53
4617,M,23
4618,M,19
4619,M,62
4620,M,48
4621,F,42
4622,F,24
4623,F,18
4624,F,38
4625,F,50
4626,F,52
4627,M,55
4628,M,40
4629,M,24
4630,M,34
4631,F,24
4632,M,36
4633,M,32
4634,F,40
4635,F,32
4636,M,20
4637,F,25
4638,F,46
4639,M,26
4640,F,33
4641,F,49
4642,M,37
4643,F,24
4644,M,35
4645,F,42
4646,M,28
4647,F,43
4648,F,50
4649,M,56
4650,F,38
4651,F,39
4652,M,45
4653,F,54
4654,M,36
4655,F,53
4656,M,19
4657,M,23
4658,F,26
4659,F,59
4660,F,22
4661,M,50
4662,F,51
4663,M,32
4664,M,21
4665,M,22
4666,M,59
4667,M,21
4668,M,29
4669,F,57
4670,M,17
4671,M,56
4672,F,28
4673,F,53
4674,M,51
4675,F,37
4676,M,40
4677,M,49
4678,F,31
4679,M,58
4680,M,17
4681,F,28
4682,M,28
4683,F,25
4684,M,52
4685,F,52
4686,M,31
4687,F,35
4688,F,48
4689,M,49
4690,F,43
4691,F,23
4692,F,29
4693,M,32
4694,F,32
4695,M,64
4696,M,38
4697,F,33
4698,M,50
4699,F,23
4700,F,32
4701,F,32
4702,M,57
4703,M,60
4704,M,35
4705,F,28
4706,F,28
4707,M,20
4708,M,52
4709,M,29
4710,M,21
4711,M,64
4712,M,25
4713,M,31
4714,F,44
4715,M,44
4716,M,37
4717,F,30
4718,M,32
4719,F,27
4720,F,31
4721,F,23
4722,M,51
4723,M,53
4724,M,64
4725,M,24
4726,M,42
4727,M,47
4728,M,59
4729,M,38
4730,F,31
4731,M,36
4732,F,55
4733,F,20
4734,M,43
4735,F,31
4736,M,54
4737,F,52
4738,M,35
4739,F,26
4740,M,52
4741,F,58
4742,M,46
4743,M,20
4744,M,64
4745,M,23
4746,F,33
4747,F,29
4748,M,48
4749,F,47
4750,M,19
4751,F,41
4752,F,46
4753,F,42
4754,F,44
4755,M,49
4756,F,40
4757,F,24
4758,F,40
4759,M,46
4760,M,46
4761,M,51
4762,M,51
4763,F,58
4764,F,39
4765,M,44
4766,M,37
4767,F,20
4768,M,31
4769,F,24
4770,M,47
4771,F,54
4772,M,35
4773,F,21
4774,F,20
4775,M,64
4776,F,29
4777,M,48
4778,M,20
4779,F,55
4780,M,62
4781,M,26
4782,M,33
4783,M,60
4784,F,41
4785,M,36
4786,M,36
4787,M,50
4788,F,49
4789,F,19
4790,F,41
4791,F,59
4792,F,46
4793,F,31
4794,F,43
4795,M,35
4796,F,59
4797,M,36
4798,F,51
4799,M,47
4800,M,47
4801,M,56
4802,M,59
4803,F,53
4804,M,58
4805,F,57
4806,M,57
4807,M,43
4808,M,63
4809,F,50
4810,F,42
4811,M,49
4812,M,45
4813,M,27
4814,M,23
4815,F,26
4816,M,33
4817,M,29
4818,M,29
4819,M,47
4820,M,43
4821,M,49
4822,M,39
4823,M,57
4824,M,55
4825,M,46
4826,F,59
4827,M,65
4828,M,48
4829,F,41
4830,F,37
4831,M,36
4832,M,29
4833,M,46
4834,M,25
4835,F,21
4836,F,36
4837,F,51
4838,M,44
4839,F,21
4840,F,28
4841,M,51
4842,M,45
4843,M,46
4844,F,56
4845,F,40
4846,M,57
4847,F,47
4848,M,42
4849,M,56
4850,F,56
4851,M,53
4852,M,37
4853,M,55
4854,M,20
4855,F,51
4856,F,19
4857,M,18
4858,M,30
4859,F,36
4860,F,28
4861,F,57
4862,F,48
4863,M,55
4864,M,28
4865,M,50
4866,F,60
4867,M,32
4868,F,40
4869,M,29
4870,F,29
4871,M,46
4872,M,34
4873,M,31
4874,M,32
4875,F,38
4876,M,59
4877,F,28
4878,F,38
4879,F,32
4880,M,38
4881,M,42
4882,F,36
4883,M,35
4884,F,55
4885,M,37
4886,M,34
4887,F,42
4888,F,29
4889,F,59
4890,M,61
4891,M,50
4892,F,36
4893,M,24
4894,M,40
4895,F,25
4896,F,22
4897,F,26
4898,M,62
4899,F,36
4900,M,44
4901,M,41
4902,F,35
4903,F,57
4904,F,42
4905,F,39
4906,M,62
4907,M,37
4908,F,26
4909,F,50
4910,M,22
4911,M,51
4912,M,46
4913,M,37
4914,M,53
4915,F,33
4916,M,31
4917,F,41
4918,F,21
4919,F,41
4920,F,23
4921,M,48
4922,F,24
4923,M,29
4924,F,42
4925,F,23
4926,F,53
4927,M,33
4928,F,35
4929,M,34
4930,M,40
4931,M,64
4932,F,33
4933,F,21
4934,M,32
4935,M,23
4936,M,57
4937,M,32
4938,F,33
4939,M,41
4940,F,49
4941,M,34
4942,M,28
4943,F,20
4944,M,36
4945,F,23
4946,F,55
4947,M,21
4948,F,20
4949,M,63
4950,F,48
4951,F,54
4952,M,33
4953,M,20
4954,M,30
4955,M,20
4956,F,24
4957,F,39
4958,F,33
4959,M,33
4960,F,31
4961,M,38
4962,M,52
4963,F,47
4964,M,56
4965,F,20
4966,M,52
4967,F,54
4968,F,28
4969,M,64
4970,F,42
4971,F,51
4972,M,51
4973,F,60
4974,F,58
4975,F,45
4976,F,28
4977,F,32
4978,F,56
4979,M,44
4980,F,37
4981,F,46
4982,M,46
4983,F,51
4984,M,51
4985,F,59
4986,F,46
4987,M,54
4988,F,59
4989,F,60
4990,M,37
4991,F,59
4992,F,60
4993,F,27
4994,F,43
4995,M,36
4996,F,44
4997,M,41
4998,M,53
4999,F,39
5000,F,41
5001,M,32
5002,M,27
5003,F,26
5004,M,24
5005,M,24
5006,M,25
5007,M,50
5008,M,49
5009,F,49
5010,F,29
5011,M,34
5012,F,54
5013,F,56
5014,M,57
5015,F,58
5016,M,21
5017,F,26
5018,M,41
5019,F,44
5020,F,52
5021,F,49
5022,F,57
5023,F,31
5024,M,50
5025,M,41
5026,M,37
5027,M,54
5028,F,62
5029,M,54
5030,F,55
5031,M,51
5032,F,29
5033,M,22
5034,F,48
5035,F,22
5036,F,47
5037,M,40
5038,M,45
5039,F,48
5040,M,30
5041,M,39
5042,F,38
5043,F,49
5044,F,31
5045,M,35
5046,F,39
5047,M,54
5048,F,56
5049,F,32
5050,F,32
5051,F,29
5052,M,57
5053,M,32
5054,F,32
5055,M,27
5056,M,58
5057,F,31
5058,M,39
5059,F,54
5060,F,49
5061,M,41
5062,M,37
5063,F,26
5064,F,31
5065,M,31
5066,M,34
5067,F,53
5068,F,36
5069,M,25
5070,M,35
5071,F,30
5072,M,26
5073,F,19
5074,F,23
5075,M,21
5076,F,34
5077,M,61
5078,M,23
5079,F,20
5080,F,19
5081,M,14
5082,M,24
5083,F,59
5084,F,41
5085,M,43
5086,F,29
5087,M,23
5088,M,20
5089,F,37
5090,M,40
5091,M,37
5092,F,38
5093,M,41
5094,F,23
5095,F,34
5096,F,56
5097,F,35
5098,F,51
5099,M,49
5100,F,44
5101,M,62
5102,F,54
5103,M,49
5104,F,19
5105,F,47
5106,F,54
5107,M,64
5108,M,50
5109,F,45
5110,F,57
5111,M,28
5112,M,45
5113,F,37
5114,F,50
5115,M,61
5116,F,56
5117,F,53
5118,M,28
5119,F,19
5120,M,23
5121,F,19
5122,F,20
5123,M,27
5124,F,42
5125,M,36
5126,M,57
5127,M,55
5128,F,38
5129,M,35
5130,F,27
5131,M,32
5132,M,52
5133,F,30
5134,M,27
5135,F,42
5136,F,44
5137,M,46
5138,M,46
5139,M,40
5140,F,42
5141,M,47
5142,F,28
5143,M,20
5144,M,51
5145,F,34
5146,F,38
5147,M,42
5148,F,55
5149,F,27
5150,M,34
5151,M,46
5152,F,42
5153,F,53
5154,F,34
5155,M,61
5156,F,63
5157,M,62
5158,M,30
5159,F,36
5160,F,59
5161,F,39
5162,M,63
5163,F,57
5164,M,52
5165,F,38
5166,F,55
5167,M,30
5168,M,27
5169,F,27
5170,F,33
5171,F,58
5172,M,38
5173,M,47
5174,F,48
5175,F,20
5176,F,35
5177,M,29
5178,F,19
5179,M,25
5180,F,41
5181,F,40
5182,M,61
5183,F,59
5184,F,33
5185,F,55
5186,F,59
5187,F,22
5188,M,42
5189,M,48
5190,F,45
5191,M,27
5192,F,56
5193,M,19
5194,F,34
5195,F,51
5196,M,54
5197,M,50
5198,M,38
5199,F,32
5200,F,48
5201,M,54
5202,F,42
5203,M,33
5204,F,54
5205,F,28
5206,F,29
5207,M,22
5208,M,55
5209,M,29
5210,M,42
5211,M,47
5212,F,74
5213,M,62
5214,F,65
5215,F,36
5216,M,30
5217,F,32
5218,F,58
5219,M,55
5220,F,54
5221,M,60
5222,M,38
5223,M,35
5224,F,60
5225,M,55
5226,M,28
5227,F,22
5228,M,23
5229,M,56
5230,F,63
5231,F,27
5232,M,22
5233,M,60
5234,F,31
5235,F,35
5236,M,19
5237,F,17
5238,M,45
5239,M,38
5240,F,28
5241,M,28
5242,F,25
5243,M,21
5244,M,21
5245,M,35
5246,F,55
5247,F,59
5248,M,56
5249,F,64
5250,M,40
5251,F,53
5252,M,44
5253,F,36
5254,F,29
5255,M,26
5256,M,26
5257,F,25
5258,M,34
5259,M,40
5260,M,30
5261,F,34
5262,M,19
5263,F,36
5264,M,33
5265,F,43
5266,F,49
5267,M,52
5268,M,43
5269,F,34
5270,M,41
5271,F,37
5272,M,46
5273,M,20
5274,F,54
5275,M,31
5276,F,35
5277,F,39
5278,M,41
5279,F,59
5280,M,39
5281,F,40
5282,F,50
5283,M,30
5284,M,35
5285,M,60
5286,M,46
5287,M,53
5288,M,44
5289,F,42
5290,F,23
5291,F,41
5292,M,58
5293,M,29
5294,F,26
5295,M,52
5296,M,23
5297,M,34
5298,M,43
5299,F,20
5300,F,19
5301,M,49
5302,F,21
5303,M,50
5304,M,23
5305,F,21
5306,F,37
5307,M,41
5308,F,49
5309,M,61
5310,M,43
5311,M,62
5312,M,40
5313,F,57
5314,F,22
5315,M,55
5316,F,61
5317,M,22
5318,M,64
5319,M,58
5320,F,59
5321,M,43
5322,M,57
5323,M,33
5324,M,41
5325,F,21
5326,M,45
5327,F,48
5328,F,29
5329,M,31
5330,F,44
5331,M,39
5332,F,44
5333,M,46
5334,F,30
5335,M,21
5336,M,23
5337,M,41
5338,M,25
5339,M,25
5340,M,22
5341,M,58
5342,F,36
5343,M,29
5344,F,44
5345,F,36
5346,M,42
5347,M,28
5348,M,40
5349,M,36
5350,F,23
5351,F,19
5352,M,20
5353,M,52
5354,F,51
5355,M,26
5356,M,27
5357,F,45
5358,M,24
5359,M,25
5360,F,29
5361,F,20
5362,F,47
5363,M,57
5364,F,54
5365,M,56
5366,M,31
5367,F,37
5368,F,46
